"title.href","title.text","description","lastupdated","imagefile.src","imagefile.alt","imagefile.href","imagefile.text"
"http://en.wikipedia.org/wiki/File:Evolution_of_the_Ball,_Baseball_Digest_July_1963.djvu","File:Evolution of the Ball, Baseball Digest July 1963.djvu","DescriptionEvolution of the Ball, Baseball Digest July 1963.djvu Djvu file containing pages 67-71 of the July 1963 issue of Baseball Digest magazine, comprising the","(2,550 × 3,300 (183 KB)) - 02:58, 10 September 2013","http://upload.wikimedia.org/wikipedia/commons/thumb/5/59/Evolution_of_the_Ball%2C_Baseball_Digest_July_1963.djvu/page1-93px-Evolution_of_the_Ball%2C_Baseball_Digest_July_1963.djvu.jpg","","http://en.wikipedia.org/wiki/File:Evolution_of_the_Ball,_Baseball_Digest_July_1963.djvu",""
"http://en.wikipedia.org/wiki/File:Baseball_Digest_July_1963_front_cover.jpg","File:Baseball Digest July 1963 front cover.jpg","front cover.jpg Front cover of the July 1963 issue of Baseball Digest. Text says ""Baseball Digest, PDC, July 1963, 25¢, It's Not True That Southpaws Are","(984 × 1,408 (962 KB)) - 05:02, 15 December 2013","http://upload.wikimedia.org/wikipedia/commons/thumb/1/14/Baseball_Digest_July_1963_front_cover.jpg/84px-Baseball_Digest_July_1963_front_cover.jpg","","http://en.wikipedia.org/wiki/File:Baseball_Digest_July_1963_front_cover.jpg",""
"http://en.wikipedia.org/wiki/File:Stan_Musial_1957.png","File:Stan Musial 1957.png","Hall of Famer en:Stan Musial in a 1957 issue of Baseball Digest. Date August 1957 Source Baseball Digest, front cover, August 1957 issue. [1] Author Unknown","(370 × 438 (196 KB)) - 02:25, 15 October 2014","http://upload.wikimedia.org/wikipedia/commons/thumb/7/7e/Stan_Musial_1957.png/101px-Stan_Musial_1957.png","","http://en.wikipedia.org/wiki/File:Stan_Musial_1957.png",""
"http://en.wikipedia.org/wiki/File:Ted_Williams_BBall_Digest_May_1949_raw.jpg","File:Ted Williams BBall Digest May 1949 raw.jpg","An image of Major League Baseball hall of famer en:Ted Williams. Date May 1949 Source Baseball Digest, back cover, May 1949 issue. [1] Author Unknown","(631 × 658 (560 KB)) - 22:14, 4 April 2013","http://upload.wikimedia.org/wikipedia/commons/thumb/1/10/Ted_Williams_BBall_Digest_May_1949_raw.jpg/115px-Ted_Williams_BBall_Digest_May_1949_raw.jpg","","http://en.wikipedia.org/wiki/File:Ted_Williams_BBall_Digest_May_1949_raw.jpg",""
"http://en.wikipedia.org/wiki/File:Cushioned_cork_center_baseball_schematic_from_Evolution_of_the_Ball.png","File:Cushioned cork center baseball schematic from Evolution of the Ball.png","""Evolution of the Ball"". Baseball Digest: 71. Author Unknown Permission (Reusing this file) see File:Evolution of the Ball, Baseball Digest July 1963.djvu","(559 × 554 (235 KB)) - 13:30, 21 December 2013","http://upload.wikimedia.org/wikipedia/commons/thumb/a/a5/Cushioned_cork_center_baseball_schematic_from_Evolution_of_the_Ball.png/120px-Cushioned_cork_center_baseball_schematic_from_Evolution_of_the_Ball.png","","http://en.wikipedia.org/wiki/File:Cushioned_cork_center_baseball_schematic_from_Evolution_of_the_Ball.png",""
"http://en.wikipedia.org/wiki/File:Vern_Bickford,_Johnny_Sain,_Warren_Spahn.png","File:Vern Bickford, Johnny Sain, Warren Spahn.png","en:Johnny Sain, and en:Warren Spahn in a 1951 issue of Baseball Digest. Date March 1951 Source Baseball Digest, page 2, March 1951 issue. [1] Author Unknown Permission","(447 × 417 (318 KB)) - 12:44, 29 December 2013","http://upload.wikimedia.org/wikipedia/commons/thumb/f/f6/Vern_Bickford%2C_Johnny_Sain%2C_Warren_Spahn.png/120px-Vern_Bickford%2C_Johnny_Sain%2C_Warren_Spahn.png","","http://en.wikipedia.org/wiki/File:Vern_Bickford,_Johnny_Sain,_Warren_Spahn.png",""
"http://en.wikipedia.org/wiki/File:Edwin_Lee_Mathews_head_shot,_circa_1963.jpg","File:Edwin Lee Mathews head shot, circa 1963.jpg","circa 1963 Source Google Books - Stan Hochman (1963-07). ""Eddie Mathews' Private War"". Baseball Digest: 2. Author Unknown Permission (Reusing this file)","(394 × 515 (130 KB)) - 23:42, 21 December 2013","http://upload.wikimedia.org/wikipedia/commons/thumb/1/1b/Edwin_Lee_Mathews_head_shot%2C_circa_1963.jpg/92px-Edwin_Lee_Mathews_head_shot%2C_circa_1963.jpg","","http://en.wikipedia.org/wiki/File:Edwin_Lee_Mathews_head_shot,_circa_1963.jpg",""
"http://en.wikipedia.org/wiki/File:Baseball_Digest_cover_art,_1948.png","File:Baseball Digest cover art, 1948.png","from the May 1948 issue of Baseball Digest. Date circa 1948 Source Google Books - (1948-05). ""(front cover)"". Baseball Digest: (front cover). Author Unknown","(471 × 436 (314 KB)) - 05:02, 15 December 2013","http://upload.wikimedia.org/wikipedia/commons/thumb/3/39/Baseball_Digest_cover_art%2C_1948.png/120px-Baseball_Digest_cover_art%2C_1948.png","","http://en.wikipedia.org/wiki/File:Baseball_Digest_cover_art,_1948.png",""
"http://en.wikipedia.org/wiki/File:Johnny_Sain_and_Warren_Spahn.png","File:Johnny Sain and Warren Spahn.png","File:Vern_Bickford,_Johnny_Sain,_Warren_Spahn.png licensed with PD-US-not renewed, Baseball Digest pre-1964 2011-05-31T01:43:11Z Delaywaves 447x417 (325904 Bytes) {{Information","(295 × 417 (243 KB)) - 20:53, 25 May 2014","http://upload.wikimedia.org/wikipedia/commons/thumb/e/e3/Johnny_Sain_and_Warren_Spahn.png/85px-Johnny_Sain_and_Warren_Spahn.png","","http://en.wikipedia.org/wiki/File:Johnny_Sain_and_Warren_Spahn.png",""
"http://en.wikipedia.org/wiki/File:James_Jerome_OToole_full_shot,_circa_1963.jpg","File:James Jerome OToole full shot, circa 1963.jpg","version. Modifications: Text removed.. The original can be viewed here: Baseball Digest July 1963 front cover.jpg. Modifications made by Struthious Bandersnatch","(984 × 1,408 (701 KB)) - 22:27, 6 February 2015","http://upload.wikimedia.org/wikipedia/commons/thumb/7/7e/James_Jerome_OToole_full_shot%2C_circa_1963.jpg/84px-James_Jerome_OToole_full_shot%2C_circa_1963.jpg","","http://en.wikipedia.org/wiki/File:James_Jerome_OToole_full_shot,_circa_1963.jpg",""
"http://en.wikipedia.org/wiki/File:Whitey_Ford_1960.png","File:Whitey Ford 1960.png","Ford}] in a 1960 issue of Baseball Digest.|Whitey Ford}] in a 1960 issue of Baseball Digest.]] Date July 1960 Source Baseball Digest, page 7, July 1960 issue","(258 × 429 (179 KB)) - 02:50, 15 October 2014","http://upload.wikimedia.org/wikipedia/commons/thumb/1/18/Whitey_Ford_1960.png/72px-Whitey_Ford_1960.png","","http://en.wikipedia.org/wiki/File:Whitey_Ford_1960.png",""
"http://en.wikipedia.org/wiki/File:Jack_Sanford_1958.png","File:Jack Sanford 1958.png","Phillies pitcher en:Jack Sanford in a 1958 issue of Baseball Digest. Date June 1958 Source Baseball Digest, page 2, June 1958 issue. [1] Author Unknown Permission","(274 × 417 (211 KB)) - 02:25, 15 October 2014","http://upload.wikimedia.org/wikipedia/commons/thumb/d/d9/Jack_Sanford_1958.png/79px-Jack_Sanford_1958.png","","http://en.wikipedia.org/wiki/File:Jack_Sanford_1958.png",""
"http://en.wikipedia.org/wiki/File:George_Zuverink.jpg","File:George Zuverink.jpg","Orioles pitcher George Zuverink in a 1956 issue of Baseball Digest. Date August 1956 Source Baseball Digest, page 2, August 1956 issue. [1] Author Unknown","(336 × 431 (137 KB)) - 14:08, 25 December 2014","http://upload.wikimedia.org/wikipedia/commons/thumb/8/8d/George_Zuverink.jpg/93px-George_Zuverink.jpg","","http://en.wikipedia.org/wiki/File:George_Zuverink.jpg",""
"http://en.wikipedia.org/wiki/File:Don_Larsen_1956.png","File:Don Larsen 1956.png","Yankees pitcher en:Don Larsen in a 1956 issue of Baseball Digest. Date November 1956 Source Baseball Digest, front cover, November 1956 issue. [1] Author","(306 × 502 (239 KB)) - 02:50, 29 July 2014","http://upload.wikimedia.org/wikipedia/commons/thumb/8/81/Don_Larsen_1956.png/73px-Don_Larsen_1956.png","","http://en.wikipedia.org/wiki/File:Don_Larsen_1956.png",""
"http://en.wikipedia.org/wiki/File:Bob_Uecker_1962.png","File:Bob Uecker 1962.png","Milwaukee Braves catcher Bob Uecker in a 1962 issue of Baseball Digest. Date March 1962 Source Baseball Digest, page 69, March 1962 issue. [1] Author Unknown","(266 × 379 (221 KB)) - 14:06, 31 May 2014","http://upload.wikimedia.org/wikipedia/commons/thumb/d/d4/Bob_Uecker_1962.png/84px-Bob_Uecker_1962.png","","http://en.wikipedia.org/wiki/File:Bob_Uecker_1962.png",""
"http://en.wikipedia.org/wiki/File:Yogi_Berra_1956.png","File:Yogi Berra 1956.png","Yankees catcher en:Yogi Berra in a 1956 issue of Baseball Digest. Date September 1956 Source Baseball Digest, front cover, September 1956 issue. [1] Author","(370 × 429 (226 KB)) - 02:26, 15 October 2014","http://upload.wikimedia.org/wikipedia/commons/thumb/6/6b/Yogi_Berra_1956.png/103px-Yogi_Berra_1956.png","","http://en.wikipedia.org/wiki/File:Yogi_Berra_1956.png",""
"http://en.wikipedia.org/wiki/File:Hank_Aguirre_1956.png","File:Hank Aguirre 1956.png","Indians pitcher en:Hank Aguirre in a 1956 issue of Baseball Digest. Date March 1956 Source Baseball Digest, page 2, March 1956 issue. Author Unknown Permission","(179 × 196 (71 KB)) - 02:26, 15 October 2014","http://upload.wikimedia.org/wikipedia/commons/thumb/c/c8/Hank_Aguirre_1956.png/110px-Hank_Aguirre_1956.png","","http://en.wikipedia.org/wiki/File:Hank_Aguirre_1956.png",""
"http://en.wikipedia.org/wiki/File:Billy_Williams_1961.png","File:Billy Williams 1961.png","outfielder Billy Williams in a 1961 issue of Baseball Digest. Date December 1961 Source Baseball Digest, page 47, December 1961 issue. [1] Author Unknown","(292 × 334 (181 KB)) - 11:27, 25 May 2014","http://upload.wikimedia.org/wikipedia/commons/thumb/4/4f/Billy_Williams_1961.png/105px-Billy_Williams_1961.png","","http://en.wikipedia.org/wiki/File:Billy_Williams_1961.png",""
"http://en.wikipedia.org/wiki/File:Minnie_Mi%C3%B1oso_1953.png","File:Minnie Miñoso 1953.png","(pictured as Orestes Minoso) in a 1953 issue of Baseball Digest. Date August 1953 Source Baseball Digest, page 99, August 1953 issue. [1] Author Unknown","(249 × 287 (152 KB)) - 02:29, 15 October 2014","http://upload.wikimedia.org/wikipedia/commons/thumb/0/03/Minnie_Mi%C3%B1oso_1953.png/104px-Minnie_Mi%C3%B1oso_1953.png","","http://en.wikipedia.org/wiki/File:Minnie_Mi%C3%B1oso_1953.png",""
"http://en.wikipedia.org/wiki/File:Ron_Santo_1961.png","File:Ron Santo 1961.png","third baseman en:Ron Santo in a 1961 issue of Baseball Digest. Date August 1961 Source Baseball Digest, page 13, August 1961 issue. [1] Author Unknown","(254 × 364 (240 KB)) - 02:23, 15 October 2014","http://upload.wikimedia.org/wikipedia/commons/thumb/0/00/Ron_Santo_1961.png/84px-Ron_Santo_1961.png","","http://en.wikipedia.org/wiki/File:Ron_Santo_1961.png",""
"http://en.wikipedia.org/wiki/File:Ned_Garver_1956.png","File:Ned Garver 1956.png","Tigers pitcher en:Ned Garver in a 1956 issue of Baseball Digest. Date June 1956 Source Baseball Digest, back cover, June 1956 issue. [1] Author Unknown","(290 × 419 (223 KB)) - 02:27, 15 October 2014","http://upload.wikimedia.org/wikipedia/commons/thumb/2/24/Ned_Garver_1956.png/83px-Ned_Garver_1956.png","","http://en.wikipedia.org/wiki/File:Ned_Garver_1956.png",""
"http://en.wikipedia.org/wiki/File:Eddie_Kasko_1958.png","File:Eddie Kasko 1958.png","Cardinals infielder en:Eddie Kasko in a 1958 issue of Baseball Digest. Date May 1958 Source Baseball Digest, back cover, May 1958 issue. [1] Author Unknown","(247 × 373 (169 KB)) - 17:48, 8 September 2014","http://upload.wikimedia.org/wikipedia/commons/thumb/4/4b/Eddie_Kasko_1958.png/79px-Eddie_Kasko_1958.png","","http://en.wikipedia.org/wiki/File:Eddie_Kasko_1958.png",""
"http://en.wikipedia.org/wiki/File:Bob_Purkey_1958.png","File:Bob Purkey 1958.png","Reds pitcher en:Bob Purkey in a 1958 issue of Baseball Digest. Date June 1958 Source Baseball Digest, page 2, June 1958 issue. [1] Author Unknown Permission","(260 × 434 (196 KB)) - 13:57, 31 May 2014","http://upload.wikimedia.org/wikipedia/commons/thumb/1/14/Bob_Purkey_1958.png/72px-Bob_Purkey_1958.png","","http://en.wikipedia.org/wiki/File:Bob_Purkey_1958.png",""
"http://en.wikipedia.org/wiki/File:Juan_Pizarro_1957.png","File:Juan Pizarro 1957.png","Braves pitcher en:Juan Pizarro in a 1957 issue of Baseball Digest. Date March 1957 Source Baseball Digest, page 2, March 1957 issue. [1] Author Unknown Permission","(297 × 354 (184 KB)) - 02:25, 15 October 2014","http://upload.wikimedia.org/wikipedia/commons/thumb/5/50/Juan_Pizarro_1957.png/101px-Juan_Pizarro_1957.png","","http://en.wikipedia.org/wiki/File:Juan_Pizarro_1957.png",""
"http://en.wikipedia.org/wiki/File:Tito_Francona_1960.png","File:Tito Francona 1960.png","Indians player Tito Francona in a 1960 issue of Baseball Digest. Date June 1960 Source Baseball Digest, front cover, June 1960 issue. [1] Author Unknown","(201 × 288 (93 KB)) - 02:24, 15 October 2014","http://upload.wikimedia.org/wikipedia/commons/thumb/5/55/Tito_Francona_1960.png/84px-Tito_Francona_1960.png","","http://en.wikipedia.org/wiki/File:Tito_Francona_1960.png",""
"http://en.wikipedia.org/wiki/File:Ron_Hansen_1960.png","File:Ron Hansen 1960.png","Orioles shortstop Ron Hansen in a 1960 issue of Baseball Digest. Date March 1960 Source Baseball Digest, page 8, March 1960 issue. [1] Author Unknown Permission","(253 × 358 (158 KB)) - 02:24, 15 October 2014","http://upload.wikimedia.org/wikipedia/commons/thumb/e/e8/Ron_Hansen_1960.png/85px-Ron_Hansen_1960.png","","http://en.wikipedia.org/wiki/File:Ron_Hansen_1960.png",""
"http://en.wikipedia.org/wiki/File:Joe_Black_1953.png","File:Joe Black 1953.png","Dodgers pitcher en:Joe Black in a 1953 issue of Baseball Digest. Date January 1953 Source Baseball Digest, page 2, January 1953 issue. [1] Author Unknown","(290 × 413 (182 KB)) - 02:29, 15 October 2014","http://upload.wikimedia.org/wikipedia/commons/thumb/f/fc/Joe_Black_1953.png/84px-Joe_Black_1953.png","","http://en.wikipedia.org/wiki/File:Joe_Black_1953.png",""
"http://en.wikipedia.org/wiki/File:Jerry_Kindall_1962.png","File:Jerry Kindall 1962.png","second baseman Jerry Kindall in a 1962 issue of Baseball Digest. Date October 1962 Source Baseball Digest, back cover, October 1962 issue. [1] Author Unknown","(303 × 431 (233 KB)) - 03:04, 15 October 2014","http://upload.wikimedia.org/wikipedia/commons/thumb/7/75/Jerry_Kindall_1962.png/84px-Jerry_Kindall_1962.png","","http://en.wikipedia.org/wiki/File:Jerry_Kindall_1962.png",""
"http://en.wikipedia.org/wiki/File:Billy_Martin_1954.png","File:Billy Martin 1954.png","second baseman en:Billy Martin in a 1954 issue of Baseball Digest. Date January 1954 Source Baseball Digest, front cover, January 1954 issue. [1] Author Unknown","(217 × 376 (156 KB)) - 11:14, 25 May 2014","http://upload.wikimedia.org/wikipedia/commons/thumb/7/7f/Billy_Martin_1954.png/69px-Billy_Martin_1954.png","","http://en.wikipedia.org/wiki/File:Billy_Martin_1954.png",""
"http://en.wikipedia.org/wiki/File:Joe_Nuxhall_1957.png","File:Joe Nuxhall 1957.png","Reds pitcher en:Joe Nuxhall in a 1957 issue of Baseball Digest. Date June 1957 Source Baseball Digest, back cover, June 1957 issue. [1] Author Unknown","(286 × 428 (205 KB)) - 02:25, 15 October 2014","http://upload.wikimedia.org/wikipedia/commons/thumb/d/dd/Joe_Nuxhall_1957.png/80px-Joe_Nuxhall_1957.png","","http://en.wikipedia.org/wiki/File:Joe_Nuxhall_1957.png",""
"http://en.wikipedia.org/wiki/File:Phil_Rizzuto_1950.png","File:Phil Rizzuto 1950.png","Yankees shortstop en:Phil Rizzuto in a 1950 issue of Baseball Digest. Date July 1950 Source Baseball Digest, front cover, July 1950 issue. [1] Author Unknown","(355 × 422 (179 KB)) - 02:30, 15 October 2014","http://upload.wikimedia.org/wikipedia/commons/thumb/9/9e/Phil_Rizzuto_1950.png/101px-Phil_Rizzuto_1950.png","","http://en.wikipedia.org/wiki/File:Phil_Rizzuto_1950.png",""
"http://en.wikipedia.org/wiki/File:Duke_Maas_1957.jpg","File:Duke Maas 1957.jpg","Detroit Tigers pitcher Duke Maas in a 1957 issue of Baseball Digest. Date July 1957 Source Baseball Digest, back cover, July 1957 issue. [1] Author Unknown","(309 × 424 (109 KB)) - 03:04, 29 July 2014","http://upload.wikimedia.org/wikipedia/commons/thumb/2/25/Duke_Maas_1957.jpg/87px-Duke_Maas_1957.jpg","","http://en.wikipedia.org/wiki/File:Duke_Maas_1957.jpg",""
"http://en.wikipedia.org/wiki/File:Ed_Bouchee_1957.jpg","File:Ed Bouchee 1957.jpg","Phillies first baseman Ed Bouchee in a 1957 issue of Baseball Digest. Date July 1957 Source Baseball Digest, back cover, July 1957 issue. [1] Author Unknown","(309 × 425 (121 KB)) - 16:39, 8 September 2014","http://upload.wikimedia.org/wikipedia/commons/thumb/3/37/Ed_Bouchee_1957.jpg/87px-Ed_Bouchee_1957.jpg","","http://en.wikipedia.org/wiki/File:Ed_Bouchee_1957.jpg",""
"http://en.wikipedia.org/wiki/File:Harvey_Kuenn_1953.png","File:Harvey Kuenn 1953.png","Tigers player en:Harvey Kuenn in a 1953 issue of Baseball Digest. Date August 1953 Source Baseball Digest, page 99, August 1953 issue. [1] Author Unknown","(224 × 287 (129 KB)) - 02:29, 15 October 2014","http://upload.wikimedia.org/wikipedia/commons/thumb/5/52/Harvey_Kuenn_1953.png/94px-Harvey_Kuenn_1953.png","","http://en.wikipedia.org/wiki/File:Harvey_Kuenn_1953.png",""
"http://en.wikipedia.org/wiki/File:Chico_Ruiz_1962.png","File:Chico Ruiz 1962.png","a 1962 issue of Baseball Digest (In Minors at time photo was taken, hence the unusual cap.) Date March 1962 Source Baseball Digest, back cover, March","(272 × 390 (201 KB)) - 04:52, 14 July 2014","http://upload.wikimedia.org/wikipedia/commons/thumb/3/3e/Chico_Ruiz_1962.png/84px-Chico_Ruiz_1962.png","","http://en.wikipedia.org/wiki/File:Chico_Ruiz_1962.png",""
"http://en.wikipedia.org/wiki/File:Saul_Rogovin_1953.png","File:Saul Rogovin 1953.png","Sox pitcher en:Saul Rogovin in a 1953 issue of Baseball Digest. Date August 1953 Source Baseball Digest, page 99, August 1953 issue. Author Unknown Permission","(241 × 284 (138 KB)) - 02:29, 15 October 2014","http://upload.wikimedia.org/wikipedia/commons/thumb/6/60/Saul_Rogovin_1953.png/102px-Saul_Rogovin_1953.png","","http://en.wikipedia.org/wiki/File:Saul_Rogovin_1953.png",""
"http://en.wikipedia.org/wiki/File:Woodie_Held_1960.png","File:Woodie Held 1960.png","Indians player Woodie Held in a 1960 issue of Baseball Digest. Date July 1960 Source Baseball Digest, page 19, July 1960 issue. [1] Author Unknown Permission","(254 × 402 (201 KB)) - 02:51, 15 October 2014","http://upload.wikimedia.org/wikipedia/commons/thumb/d/d7/Woodie_Held_1960.png/76px-Woodie_Held_1960.png","","http://en.wikipedia.org/wiki/File:Woodie_Held_1960.png",""
"http://en.wikipedia.org/wiki/File:Joe_Cunningham_1960.png","File:Joe Cunningham 1960.png","Cardinals player Joe Cunningham in a 1960 issue of Baseball Digest. Date May 1960 Source Baseball Digest, page 67, May 1960 issue. [1] Author Unknown Permission","(298 × 431 (241 KB)) - 02:51, 15 October 2014","http://upload.wikimedia.org/wikipedia/commons/thumb/e/e8/Joe_Cunningham_1960.png/83px-Joe_Cunningham_1960.png","","http://en.wikipedia.org/wiki/File:Joe_Cunningham_1960.png",""
"http://en.wikipedia.org/wiki/File:Dick_Groat_1960.png","File:Dick Groat 1960.png","Pirates shortstop Dick Groat in a 1960 issue of Baseball Digest. Date October 1960 Source Baseball Digest, front cover, October 1960 issue. [1] Author Unknown","(378 × 434 (141 KB)) - 02:30, 29 July 2014","http://upload.wikimedia.org/wikipedia/commons/thumb/3/3a/Dick_Groat_1960.png/104px-Dick_Groat_1960.png","","http://en.wikipedia.org/wiki/File:Dick_Groat_1960.png",""
"http://en.wikipedia.org/wiki/File:Gino_Cimoli_1957.png","File:Gino Cimoli 1957.png","outfielder en:Gino Cimoli in a 1957 issue of Baseball Digest. Date September 1957 Source Baseball Digest, back cover, September 1957 issue. [1] Author","(248 × 341 (136 KB)) - 02:25, 15 October 2014","http://upload.wikimedia.org/wikipedia/commons/thumb/3/3a/Gino_Cimoli_1957.png/87px-Gino_Cimoli_1957.png","","http://en.wikipedia.org/wiki/File:Gino_Cimoli_1957.png",""
"http://en.wikipedia.org/wiki/File:Eddie_Yost_1960.png","File:Eddie Yost 1960.png","third baseman en:Eddie Yost in a 1960 issue of Baseball Digest. Date December 1960 Source Baseball Digest, page 67, December 1960 issue. [1] Author Unknown","(295 × 443 (223 KB)) - 18:14, 8 September 2014","http://upload.wikimedia.org/wikipedia/commons/thumb/4/44/Eddie_Yost_1960.png/80px-Eddie_Yost_1960.png","","http://en.wikipedia.org/wiki/File:Eddie_Yost_1960.png",""
"http://en.wikipedia.org/wiki/File:Del_Crandall_1955.png","File:Del Crandall 1955.png","Braves catcher en:Del Crandall in a 1955 issue of Baseball Digest. Date April 1955 Source Baseball Digest, page 2, April 1955 issue. [1] Author Unknown Permission","(281 × 409 (220 KB)) - 02:22, 29 July 2014","http://upload.wikimedia.org/wikipedia/commons/thumb/c/c5/Del_Crandall_1955.png/82px-Del_Crandall_1955.png","","http://en.wikipedia.org/wiki/File:Del_Crandall_1955.png",""
"http://en.wikipedia.org/wiki/File:Ed_Bailey_1956.png","File:Ed Bailey 1956.png","Reds catcher en:Ed Bailey in a 1956 issue of Baseball Digest. Date August 1956 Source Baseball Digest, back cover, August 1956 issue. [1] Author Unknown","(285 × 398 (188 KB)) - 01:44, 29 July 2014","http://upload.wikimedia.org/wikipedia/commons/thumb/9/9f/Ed_Bailey_1956.png/86px-Ed_Bailey_1956.png","","http://en.wikipedia.org/wiki/File:Ed_Bailey_1956.png",""
"http://en.wikipedia.org/wiki/File:Johnny_Roseboro_1957.png","File:Johnny Roseboro 1957.png","catcher en:Johnny Roseboro in a 1957 issue of Baseball Digest. Date March 1957 Source Baseball Digest, page 2, March 1957 issue. [1] Author Unknown Permission","(282 × 358 (178 KB)) - 02:25, 15 October 2014","http://upload.wikimedia.org/wikipedia/commons/thumb/d/d4/Johnny_Roseboro_1957.png/94px-Johnny_Roseboro_1957.png","","http://en.wikipedia.org/wiki/File:Johnny_Roseboro_1957.png",""
"http://en.wikipedia.org/wiki/File:Tony_Cloninger_1962.png","File:Tony Cloninger 1962.png","Braves pitcher Tony Cloninger in a 1962 issue of Baseball Digest. Date May 1962 Source Baseball Digest, inside front cover, May 1962 issue. [1] Author","(380 × 437 (249 KB)) - 03:03, 15 October 2014","http://upload.wikimedia.org/wikipedia/commons/thumb/a/a5/Tony_Cloninger_1962.png/104px-Tony_Cloninger_1962.png","","http://en.wikipedia.org/wiki/File:Tony_Cloninger_1962.png",""
"http://en.wikipedia.org/wiki/File:Ken_McMullen.jpg","File:Ken McMullen.jpg","third baseman Ken McMullen in a 1963 issue of Baseball Digest. Date March 1963 Source Baseball Digest, page 15, March 1963 issue. [1] Author Unknown","(246 × 345 (112 KB)) - 03:59, 7 November 2014","http://upload.wikimedia.org/wikipedia/commons/thumb/a/ae/Ken_McMullen.jpg/85px-Ken_McMullen.jpg","","http://en.wikipedia.org/wiki/File:Ken_McMullen.jpg",""
"http://en.wikipedia.org/wiki/File:Hoot_Evers.png","File:Hoot Evers.png","Major League Baseball outfielder en:Hoot Evers. Date February 1948 Source Baseball Digest, inside back cover, February 1948 issue. [1] Author Unknown","(613 × 833 (479 KB)) - 10:45, 18 October 2011","http://upload.wikimedia.org/wikipedia/commons/thumb/2/2e/Hoot_Evers.png/88px-Hoot_Evers.png","","http://en.wikipedia.org/wiki/File:Hoot_Evers.png",""
"http://en.wikipedia.org/wiki/File:Ed_Fitz_Gerald.png","File:Ed Fitz Gerald.png","Major League Baseball catcher en:Ed Fitz Gerald. Date February 1948 Source Baseball Digest, inside front cover, February 1948 issue. [1] Author Unknown","(406 × 823 (764 KB)) - 09:43, 18 October 2011","http://upload.wikimedia.org/wikipedia/commons/thumb/5/58/Ed_Fitz_Gerald.png/59px-Ed_Fitz_Gerald.png","","http://en.wikipedia.org/wiki/File:Ed_Fitz_Gerald.png",""
"http://en.wikipedia.org/wiki/File:Bill_Salkeld.png","File:Bill Salkeld.png","Major League Baseball catcher en:Bill Salkeld. Date February 1948 Source Baseball Digest, back cover, February 1948 issue. [1] Author International News","(377 × 445 (340 KB)) - 17:16, 9 April 2010","http://upload.wikimedia.org/wikipedia/commons/thumb/d/da/Bill_Salkeld.png/102px-Bill_Salkeld.png","","http://en.wikipedia.org/wiki/File:Bill_Salkeld.png",""
"http://en.wikipedia.org/wiki/File:Hugh_Casey.png","File:Hugh Casey.png","English: An image of Major League Baseball pitcher en:Hugh Casey. Date April 1948 Source Baseball Digest, back cover, April 1948 issue. [1] Author Unknown","(408 × 500 (262 KB)) - 10:54, 18 October 2011","http://upload.wikimedia.org/wikipedia/commons/thumb/7/71/Hugh_Casey.png/98px-Hugh_Casey.png","","http://en.wikipedia.org/wiki/File:Hugh_Casey.png",""
"http://en.wikipedia.org/wiki/File:Leo_Durocher.png","File:Leo Durocher.png","Major League Baseball manager en:Leo Durocher. Date February 1948 Source Baseball Digest, front cover, February 1948 issue. [1] Author Press Association","(313 × 542 (370 KB)) - 00:09, 29 August 2014","http://upload.wikimedia.org/wikipedia/commons/thumb/c/ca/Leo_Durocher.png/69px-Leo_Durocher.png","","http://en.wikipedia.org/wiki/File:Leo_Durocher.png",""
"http://en.wikipedia.org/wiki/File:Bob_Chesnes.png","File:Bob Chesnes.png","Major League Baseball pitcher en:Bob Chesnes. Date February 1948 Source Baseball Digest, inside front cover, February 1948 issue. [1] Author Unknown","(198 × 372 (162 KB)) - 09:41, 18 October 2011","http://upload.wikimedia.org/wikipedia/commons/thumb/4/41/Bob_Chesnes.png/64px-Bob_Chesnes.png","","http://en.wikipedia.org/wiki/File:Bob_Chesnes.png",""
"http://en.wikipedia.org/wiki/File:Bob_Kennedy.png","File:Bob Kennedy.png","English: An image of Major League Baseball player en:Bob Kennedy. Date July 1947 Source Baseball Digest, back cover, July 1947 issue. [1] Author Unknown","(400 × 424 (351 KB)) - 19:24, 13 January 2013","http://upload.wikimedia.org/wikipedia/commons/thumb/8/8d/Bob_Kennedy.png/113px-Bob_Kennedy.png","","http://en.wikipedia.org/wiki/File:Bob_Kennedy.png",""
"http://en.wikipedia.org/wiki/File:Al_Barlick.png","File:Al Barlick.png","Hall of Fame Major League Baseball umpire en:Al Barlick. Date July 1948 Source Baseball Digest, inside back cover, July 1948 issue. [1] Author Unknown","(300 × 555 (325 KB)) - 23:51, 14 April 2014","http://upload.wikimedia.org/wikipedia/commons/thumb/5/5a/Al_Barlick.png/65px-Al_Barlick.png","","http://en.wikipedia.org/wiki/File:Al_Barlick.png",""
"http://en.wikipedia.org/wiki/File:Jim_Tabor.png","File:Jim Tabor.png","League Baseball third baseman en:Jim Tabor. Date February 1948 Source Baseball Digest, back cover, February 1948 issue. [1] Author International News","(500 × 500 (498 KB)) - 17:20, 9 April 2010","http://upload.wikimedia.org/wikipedia/commons/thumb/b/bd/Jim_Tabor.png/120px-Jim_Tabor.png","","http://en.wikipedia.org/wiki/File:Jim_Tabor.png",""
"http://en.wikipedia.org/wiki/File:Bruce_Edwards.png","File:Bruce Edwards.png","An image of Major League Baseball catcher en:Bruce Edwards. Date October 1946 Source Baseball Digest, page 65, October 1946 issue. [1] Author Unknown","(550 × 773 (652 KB)) - 19:16, 13 January 2013","http://upload.wikimedia.org/wikipedia/commons/thumb/a/aa/Bruce_Edwards.png/85px-Bruce_Edwards.png","","http://en.wikipedia.org/wiki/File:Bruce_Edwards.png",""
"http://en.wikipedia.org/wiki/File:Jerry_Witte.png","File:Jerry Witte.png","image of Major League Baseball first baseman en:Jerry Witte. Date May 1947 Source Baseball Digest, inside back cover, May 1947 issue. [1] Author Unknown","(575 × 838 (748 KB)) - 19:24, 13 January 2013","http://upload.wikimedia.org/wikipedia/commons/thumb/9/90/Jerry_Witte.png/82px-Jerry_Witte.png","","http://en.wikipedia.org/wiki/File:Jerry_Witte.png",""
"http://en.wikipedia.org/wiki/File:Clint_Hartung.png","File:Clint Hartung.png","image of Major League Baseball pitcher en:Clint Hartung. Date May 1947 Source Baseball Digest, inside front cover, May 1947 issue. [1] Author Unknown","(621 × 733 (377 KB)) - 19:24, 13 January 2013","http://upload.wikimedia.org/wikipedia/commons/thumb/0/0c/Clint_Hartung.png/102px-Clint_Hartung.png","","http://en.wikipedia.org/wiki/File:Clint_Hartung.png",""
"http://en.wikipedia.org/wiki/File:Peanuts_Lowrey.png","File:Peanuts Lowrey.png","Baseball outfielder and third baseman en:Peanuts Lowrey. Date August 1948 Source Baseball Digest, inside front cover, August 1948 issue. [1] Author Unknown","(542 × 872 (503 KB)) - 13:59, 3 October 2014","http://upload.wikimedia.org/wikipedia/commons/thumb/1/1e/Peanuts_Lowrey.png/74px-Peanuts_Lowrey.png","","http://en.wikipedia.org/wiki/File:Peanuts_Lowrey.png",""
"http://en.wikipedia.org/wiki/File:Art_Houtteman.png","File:Art Houtteman.png","image of Major League Baseball pitcher en:Art Houtteman. Date May 1948 Source Baseball Digest, front cover, May 1948 issue. [1] Author Charles Gekler","(425 × 730 (470 KB)) - 21:02, 19 August 2010","http://upload.wikimedia.org/wikipedia/commons/thumb/8/8a/Art_Houtteman.png/70px-Art_Houtteman.png","","http://en.wikipedia.org/wiki/File:Art_Houtteman.png",""
"http://en.wikipedia.org/wiki/File:Andy_Seminick.png","File:Andy Seminick.png","image of Major League Baseball catcher en:Andy Seminick. Date July 1947 Source Baseball Digest, inside back cover, July 1947 issue. [1] Author Unknown","(610 × 800 (970 KB)) - 19:24, 13 January 2013","http://upload.wikimedia.org/wikipedia/commons/thumb/d/d9/Andy_Seminick.png/91px-Andy_Seminick.png","","http://en.wikipedia.org/wiki/File:Andy_Seminick.png",""
"http://en.wikipedia.org/wiki/File:Al_Gionfriddo.png","File:Al Gionfriddo.png","League Baseball outfielder en:Al Gionfriddo. Date January 1948 Source Baseball Digest, inside front cover, January 1948 issue. [1] Author Eddie Jerry","(238 × 426 (250 KB)) - 03:20, 11 January 2010","http://upload.wikimedia.org/wikipedia/commons/thumb/7/71/Al_Gionfriddo.png/67px-Al_Gionfriddo.png","","http://en.wikipedia.org/wiki/File:Al_Gionfriddo.png",""
"http://en.wikipedia.org/wiki/File:Joe_Page.png","File:Joe Page.png","An image of Major League Baseball pitcher en:Joe Page. Date January 1948 Source Baseball Digest, front cover, January 1948 issue. [1] Author Unknown","(624 × 817 (692 KB)) - 19:45, 13 January 2013","http://upload.wikimedia.org/wikipedia/commons/thumb/f/f1/Joe_Page.png/92px-Joe_Page.png","","http://en.wikipedia.org/wiki/File:Joe_Page.png",""
"http://en.wikipedia.org/wiki/File:Neill_Sheridan.png","File:Neill Sheridan.png","League Baseball outfielder en:Neill Sheridan. Date February 1948 Source Baseball Digest, inside front cover, February 1948 issue. [1] Author Unknown","(202 × 350 (151 KB)) - 09:42, 18 October 2011","http://upload.wikimedia.org/wikipedia/commons/thumb/9/97/Neill_Sheridan.png/69px-Neill_Sheridan.png","","http://en.wikipedia.org/wiki/File:Neill_Sheridan.png",""
"http://en.wikipedia.org/wiki/File:Johnny_Neun.png","File:Johnny Neun.png","English: An image of Major League Baseball manager en:Johnny Neun. Date May 1948 Source Baseball Digest, back cover, May 1948 issue. [1] Author Unknown","(175 × 460 (162 KB)) - 18:54, 19 October 2011","http://upload.wikimedia.org/wikipedia/commons/thumb/3/38/Johnny_Neun.png/45px-Johnny_Neun.png","","http://en.wikipedia.org/wiki/File:Johnny_Neun.png",""
"http://en.wikipedia.org/wiki/File:Don-Demeter.png","File:Don-Demeter.png","DescriptionDon-Demeter.png English: An image of Major League Baseball player en:Don Demeter. Date July 1959 Source Baseball Digest, Page 19, July 1959 Author Unknown","(268 × 370 (184 KB)) - 20:45, 23 January 2013","http://upload.wikimedia.org/wikipedia/commons/thumb/6/6f/Don-Demeter.png/87px-Don-Demeter.png","","http://en.wikipedia.org/wiki/File:Don-Demeter.png",""
"http://en.wikipedia.org/wiki/File:Stan_Musial.png","File:Stan Musial.png","Fame Major League Baseball player en:Stan Musial. Date September 1948 Source Baseball Digest, front cover, September 1948 issue. [1] Author Unknown","(682 × 993 (1.18 MB)) - 17:22, 24 January 2013","http://upload.wikimedia.org/wikipedia/commons/thumb/b/b3/Stan_Musial.png/82px-Stan_Musial.png","","http://en.wikipedia.org/wiki/File:Stan_Musial.png",""
"http://en.wikipedia.org/wiki/File:Zack_Taylor.png","File:Zack Taylor.png","image of Major League Baseball manager en:Zack Taylor. Date May 1948 Source Baseball Digest, inside front cover, May 1948 issue. [1] Author Unknown","(559 × 822 (931 KB)) - 18:55, 19 October 2011","http://upload.wikimedia.org/wikipedia/commons/thumb/f/ff/Zack_Taylor.png/81px-Zack_Taylor.png","","http://en.wikipedia.org/wiki/File:Zack_Taylor.png",""
"http://en.wikipedia.org/wiki/File:Dave_Ferriss.png","File:Dave Ferriss.png","image of Major League Baseball pitcher en:Dave Ferriss. Date October 1946 Source Baseball Digest, front cover, October 1946 issue. [1] Author Unknown","(624 × 800 (1.04 MB)) - 19:45, 13 January 2013","http://upload.wikimedia.org/wikipedia/commons/thumb/b/b6/Dave_Ferriss.png/93px-Dave_Ferriss.png","","http://en.wikipedia.org/wiki/File:Dave_Ferriss.png",""
"http://en.wikipedia.org/wiki/File:Hank_Borowy.png","File:Hank Borowy.png","English: An image of Major League Baseball pitcher en:Hank Borowy. Date July 1945 Source Baseball Digest, front cover, July 1945 issue. [1] Author Unknown","(623 × 962 (784 KB)) - 19:44, 13 January 2013","http://upload.wikimedia.org/wikipedia/commons/thumb/d/db/Hank_Borowy.png/78px-Hank_Borowy.png","","http://en.wikipedia.org/wiki/File:Hank_Borowy.png",""
"http://en.wikipedia.org/wiki/File:Howie_Pollet.png","File:Howie Pollet.png","Major League Baseball pitcher en:Howie Pollet. Date October 1946 Source Baseball Digest, inside front cover, October 1946 issue. [1] Author Unknown","(382 × 404 (356 KB)) - 19:17, 13 January 2013","http://upload.wikimedia.org/wikipedia/commons/thumb/0/04/Howie_Pollet.png/113px-Howie_Pollet.png","","http://en.wikipedia.org/wiki/File:Howie_Pollet.png",""
"http://en.wikipedia.org/wiki/File:Johnny_Mize.png","File:Johnny Mize.png","Baseball Hall of Fame first baseman en:Johnny Mize. Date March 1948 Source Baseball Digest, inside front cover, March 1948 issue. [1] Author Unknown","(624 × 823 (551 KB)) - 10:52, 18 October 2011","http://upload.wikimedia.org/wikipedia/commons/thumb/6/62/Johnny_Mize.png/91px-Johnny_Mize.png","","http://en.wikipedia.org/wiki/File:Johnny_Mize.png",""
"http://en.wikipedia.org/wiki/File:Al_Spangler_1961.png","File:Al Spangler 1961.png","Spangler}] in a 1961 issue of Baseball Digest.|Al Spangler}] in a 1961 issue of Baseball Digest.]] Date April 1961 Source Baseball Digest, front cover, April 1961","(312 × 363 (188 KB)) - 00:52, 15 April 2014","http://upload.wikimedia.org/wikipedia/commons/thumb/7/7c/Al_Spangler_1961.png/103px-Al_Spangler_1961.png","","http://en.wikipedia.org/wiki/File:Al_Spangler_1961.png",""
"http://en.wikipedia.org/wiki/File:Karl_Spooner_1955.png","File:Karl Spooner 1955.png","Dodgers pitcher en:Karl Spooner in a 1955 issue of Baseball Digest. Date March 1955 Source Baseball Digest, back cover, March 1955 issue. [1] Author Unknown","(215 × 292 (98 KB)) - 02:27, 15 October 2014","http://upload.wikimedia.org/wikipedia/commons/thumb/e/ee/Karl_Spooner_1955.png/88px-Karl_Spooner_1955.png","","http://en.wikipedia.org/wiki/File:Karl_Spooner_1955.png",""
"http://en.wikipedia.org/wiki/File:Billy_O%27Dell_1963.png","File:Billy O'Dell 1963.png","Giants pitcher en:Billy O'Dell in a 1963 issue of Baseball Digest. Date August 1963 Source Baseball Digest, front cover, August 1963 issue. [1] Author Unknown","(305 × 358 (168 KB)) - 11:19, 25 May 2014","http://upload.wikimedia.org/wikipedia/commons/thumb/d/d8/Billy_O%27Dell_1963.png/102px-Billy_O%27Dell_1963.png","","http://en.wikipedia.org/wiki/File:Billy_O%27Dell_1963.png",""
"http://en.wikipedia.org/wiki/File:Tony_Oliva_1963.png","File:Tony Oliva 1963.png","Twins right fielder Tony Oliva in a 1963 issue of Baseball Digest. Date March 1963 Source Baseball Digest, page 125, March 1963 issue. [1] Author Unknown","(264 × 377 (225 KB)) - 03:03, 15 October 2014","http://upload.wikimedia.org/wikipedia/commons/thumb/0/03/Tony_Oliva_1963.png/84px-Tony_Oliva_1963.png","","http://en.wikipedia.org/wiki/File:Tony_Oliva_1963.png",""
"http://en.wikipedia.org/wiki/File:Jim_Coates_1960.png","File:Jim Coates 1960.png","Yankees pitcher Jim Coates in a 1960 issue of Baseball Digest. Date September 1960 Source Baseball Digest, page 75, September 1960 issue. [1] Author Unknown","(435 × 445 (280 KB)) - 04:46, 21 October 2014","http://upload.wikimedia.org/wikipedia/commons/thumb/8/8c/Jim_Coates_1960.png/117px-Jim_Coates_1960.png","","http://en.wikipedia.org/wiki/File:Jim_Coates_1960.png",""
"http://en.wikipedia.org/wiki/File:Tommy_Henrich_1949.png","File:Tommy Henrich 1949.png","right fielder en:Tommy Henrich in a 1949 issue of Baseball Digest. Date August 1949 Source Baseball Digest, back cover, August 1949 issue. Author Unknown","(290 × 361 (159 KB)) - 02:30, 15 October 2014","http://upload.wikimedia.org/wikipedia/commons/thumb/b/ba/Tommy_Henrich_1949.png/96px-Tommy_Henrich_1949.png","","http://en.wikipedia.org/wiki/File:Tommy_Henrich_1949.png",""
"http://en.wikipedia.org/wiki/File:Casey_Stengel_1949.png","File:Casey Stengel 1949.png","Yankees manager Casey Stengel in a 1949 issue of Baseball Digest. Date January 1949 Source Baseball Digest, page 59, January 1949 issue. [1] Author Unknown","(382 × 380 (252 KB)) - 16:15, 5 October 2014","http://upload.wikimedia.org/wikipedia/commons/thumb/d/d9/Casey_Stengel_1949.png/120px-Casey_Stengel_1949.png","","http://en.wikipedia.org/wiki/File:Casey_Stengel_1949.png",""
"http://en.wikipedia.org/wiki/File:Zoilo_Versalles_1963.png","File:Zoilo Versalles 1963.png","shortstop en:Zoilo Versalles in a 1963 issue of Baseball Digest. Date June 1963 Source Baseball Digest, page 2, June 1963 issue. [1] Author Unknown Permission","(301 × 384 (193 KB)) - 23:12, 21 August 2014","http://upload.wikimedia.org/wikipedia/commons/thumb/7/7a/Zoilo_Versalles_1963.png/94px-Zoilo_Versalles_1963.png","","http://en.wikipedia.org/wiki/File:Zoilo_Versalles_1963.png",""
"http://en.wikipedia.org/wiki/File:Hank_Aaron_1960.png","File:Hank Aaron 1960.png","Hall of Famer en:Hank Aaron in a 1960 issue of Baseball Digest. Date December 1960 Source Baseball Digest, page 19, December 1960 issue. [1] Author Unknown","(302 × 435 (275 KB)) - 02:24, 15 October 2014","http://upload.wikimedia.org/wikipedia/commons/thumb/3/3e/Hank_Aaron_1960.png/83px-Hank_Aaron_1960.png","","http://en.wikipedia.org/wiki/File:Hank_Aaron_1960.png",""
"http://en.wikipedia.org/wiki/File:Stu_Miller.png","File:Stu Miller.png","Giants pitcher en:Stu Miller in a 1959 issue of Baseball Digest. Date February 1959 Source Baseball Digest, back cover, February 1959 issue. [1] Author","(309 × 420 (209 KB)) - 02:24, 15 October 2014","http://upload.wikimedia.org/wikipedia/commons/thumb/2/20/Stu_Miller.png/88px-Stu_Miller.png","","http://en.wikipedia.org/wiki/File:Stu_Miller.png",""
"http://en.wikipedia.org/wiki/File:Jack_Smith_1963.png","File:Jack Smith 1963.png","Dodgers pitcher Jack Smith in a 1963 issue of Baseball Digest. Date March 1963 Source Baseball Digest, front cover, March 1963 issue. [1] Author Unknown","(250 × 345 (143 KB)) - 05:50, 15 October 2014","http://upload.wikimedia.org/wikipedia/commons/thumb/f/f7/Jack_Smith_1963.png/87px-Jack_Smith_1963.png","","http://en.wikipedia.org/wiki/File:Jack_Smith_1963.png",""
"http://en.wikipedia.org/wiki/File:Frank_Bolling_1961.png","File:Frank Bolling 1961.png","second baseman Frank Bolling in a 1961 issue of Baseball Digest. Date August 1961 Source Baseball Digest, page 63, August 1961 issue. [1] Author Unknown","(635 × 413 (551 KB)) - 02:49, 15 October 2014","http://upload.wikimedia.org/wikipedia/commons/thumb/6/60/Frank_Bolling_1961.png/120px-Frank_Bolling_1961.png","","http://en.wikipedia.org/wiki/File:Frank_Bolling_1961.png",""
"http://en.wikipedia.org/wiki/File:Lindy_McDaniel_1960.png","File:Lindy McDaniel 1960.png","Cardinals pitcher Lindy McDaniel in a 1960 issue of Baseball Digest. Date June 1960 Source Baseball Digest, front cover, June 1960 issue. [1] Author Unknown","(253 × 391 (134 KB)) - 02:51, 15 October 2014","http://upload.wikimedia.org/wikipedia/commons/thumb/7/7c/Lindy_McDaniel_1960.png/77px-Lindy_McDaniel_1960.png","","http://en.wikipedia.org/wiki/File:Lindy_McDaniel_1960.png",""
"http://en.wikipedia.org/wiki/File:Paul_Krichell_1957.png","File:Paul Krichell 1957.png","Yankees scout en:Paul Krichell in a 1957 issue of Baseball Digest. Date July 1957 Source Baseball Digest, back cover, July 1957 issue. [1] Author Unknown","(289 × 397 (224 KB)) - 12:36, 7 September 2014","http://upload.wikimedia.org/wikipedia/commons/thumb/a/af/Paul_Krichell_1957.png/87px-Paul_Krichell_1957.png","","http://en.wikipedia.org/wiki/File:Paul_Krichell_1957.png",""
"http://en.wikipedia.org/wiki/File:Chuck_Dressen_1951.png","File:Chuck Dressen 1951.png","Dodgers manager Chuck Dressen in a 1951 issue of Baseball Digest. Date April 1951 Source Baseball Digest, page 99, April 1951 issue. [1] Author Unknown","(180 × 396 (143 KB)) - 23:16, 16 July 2014","http://upload.wikimedia.org/wikipedia/commons/thumb/6/66/Chuck_Dressen_1951.png/54px-Chuck_Dressen_1951.png","","http://en.wikipedia.org/wiki/File:Chuck_Dressen_1951.png",""
"http://en.wikipedia.org/wiki/File:Casey_Stengel_1953.png","File:Casey Stengel 1953.png","Yankees manager Casey Stengel in a 1953 issue of Baseball Digest. Date October 1953 Source Baseball Digest, front cover, October 1953 issue. [1] Author Unknown","(251 × 309 (119 KB)) - 15:09, 5 July 2014","http://upload.wikimedia.org/wikipedia/commons/thumb/6/62/Casey_Stengel_1953.png/97px-Casey_Stengel_1953.png","","http://en.wikipedia.org/wiki/File:Casey_Stengel_1953.png",""
"http://en.wikipedia.org/wiki/File:Jim_Landis_1962.png","File:Jim Landis 1962.png","Sox centerfielder Jim Landis in a 1962 issue of Baseball Digest. Date May 1962 Source Baseball Digest, front cover, May 1962 issue. [1] Author Unknown","(273 × 450 (140 KB)) - 02:42, 15 October 2014","http://upload.wikimedia.org/wikipedia/commons/thumb/7/71/Jim_Landis_1962.png/73px-Jim_Landis_1962.png","","http://en.wikipedia.org/wiki/File:Jim_Landis_1962.png",""
"http://en.wikipedia.org/wiki/File:Harry_Bright_1962.png","File:Harry Bright 1962.png","first baseman en:Harry Bright in a 1962 issue of Baseball Digest. Date October 1962 Source Baseball Digest, page 2, October 1962 issue. [1] Author Unknown","(279 × 387 (161 KB)) - 02:23, 15 October 2014","http://upload.wikimedia.org/wikipedia/commons/thumb/6/6a/Harry_Bright_1962.png/86px-Harry_Bright_1962.png","","http://en.wikipedia.org/wiki/File:Harry_Bright_1962.png",""
"http://en.wikipedia.org/wiki/File:Ken_Hubbs_1963.jpg","File:Ken Hubbs 1963.jpg","Cubs second baseman Ken Hubbs in a 1963 issue of Baseball Digest. Date April 1963 Source Baseball Digest, page 2, April 1963 issue. [1] Author Unknown Permission","(273 × 422 (41 KB)) - 03:55, 7 November 2014","http://upload.wikimedia.org/wikipedia/commons/thumb/4/4a/Ken_Hubbs_1963.jpg/77px-Ken_Hubbs_1963.jpg","","http://en.wikipedia.org/wiki/File:Ken_Hubbs_1963.jpg",""
"http://en.wikipedia.org/wiki/File:Dale_Long_1956.jpg","File:Dale Long 1956.jpg","Pirates first baseman Dale Long in a 1956 issue of Baseball Digest. Date August 1956 Source Baseball Digest, front cover, August 1956 issue. [1] Author Unknown","(386 × 431 (24 KB)) - 02:03, 29 July 2014","http://upload.wikimedia.org/wikipedia/commons/thumb/b/ba/Dale_Long_1956.jpg/107px-Dale_Long_1956.jpg","","http://en.wikipedia.org/wiki/File:Dale_Long_1956.jpg",""
"http://en.wikipedia.org/wiki/File:Ray_Washburn_1962.png","File:Ray Washburn 1962.png","Cardinals pitcher Ray Washburn in a 1962 issue of Baseball Digest. Date March 1962 Source Baseball Digest, back cover, March 1962 issue. [1] Author Unknown","(274 × 382 (194 KB)) - 02:23, 15 October 2014","http://upload.wikimedia.org/wikipedia/commons/thumb/7/7b/Ray_Washburn_1962.png/86px-Ray_Washburn_1962.png","","http://en.wikipedia.org/wiki/File:Ray_Washburn_1962.png",""
"http://en.wikipedia.org/wiki/File:Brian_McCall_1963.png","File:Brian McCall 1963.png","White Sox player Brian McCall in a 1963 issue of Baseball Digest. Date March 1963 Source Baseball Digest, page 117, March 1963 issue. [1] Author Unknown","(269 × 376 (234 KB)) - 05:06, 8 June 2014","http://upload.wikimedia.org/wikipedia/commons/thumb/f/f4/Brian_McCall_1963.png/86px-Brian_McCall_1963.png","","http://en.wikipedia.org/wiki/File:Brian_McCall_1963.png",""
"http://en.wikipedia.org/wiki/File:Albie_Pearson_1959.png","File:Albie Pearson 1959.png","outfielder en:Albie Pearson in a 1959 issue of Baseball Digest. Date April 1959 Source Baseball Digest, back cover, April 1959 issue. [1] Author Unknown","(324 × 462 (237 KB)) - 18:30, 15 April 2014","http://upload.wikimedia.org/wikipedia/commons/thumb/8/8a/Albie_Pearson_1959.png/84px-Albie_Pearson_1959.png","","http://en.wikipedia.org/wiki/File:Albie_Pearson_1959.png",""
"http://en.wikipedia.org/wiki/File:Sandy_Koufax_1961.png","File:Sandy Koufax 1961.png","Hall of Famer Sandy Koufax in a 1961 issue of Baseball Digest. Date October 1961 Source Baseball Digest, front cover, October 1961 issue. [1] Author Unknown","(311 × 375 (190 KB)) - 02:43, 15 October 2014","http://upload.wikimedia.org/wikipedia/commons/thumb/f/f1/Sandy_Koufax_1961.png/99px-Sandy_Koufax_1961.png","","http://en.wikipedia.org/wiki/File:Sandy_Koufax_1961.png",""
"http://en.wikipedia.org/wiki/File:Joey_Jay_1962.png","File:Joey Jay 1962.png","Cincinnati Reds pitcher Joey Jay in a 1962 issue of Baseball Digest. Date February 1962 Source Baseball Digest, front cover, February 1962 issue. [1] Author","(354 × 405 (175 KB)) - 02:22, 15 October 2014","http://upload.wikimedia.org/wikipedia/commons/thumb/8/85/Joey_Jay_1962.png/105px-Joey_Jay_1962.png","","http://en.wikipedia.org/wiki/File:Joey_Jay_1962.png",""
"http://en.wikipedia.org/wiki/File:Roger_Maris_1960.png","File:Roger Maris 1960.png","outfielder en:Roger Maris in a 1960 issue of Baseball Digest. Date October 1960 Source Baseball Digest, page 7, October 1960 issue. [1] Author Unknown","(296 × 405 (206 KB)) - 02:21, 15 October 2014","http://upload.wikimedia.org/wikipedia/commons/thumb/f/ff/Roger_Maris_1960.png/88px-Roger_Maris_1960.png","","http://en.wikipedia.org/wiki/File:Roger_Maris_1960.png",""
"http://en.wikipedia.org/wiki/File:Wes_Westrum_1955.png","File:Wes Westrum 1955.png","Giants catcher en:Wes Westrum in a 1955 issue of Baseball Digest. Date June 1955 Source Baseball Digest, page 99, June 1955 issue. [1] Author Unknown Permission","(291 × 425 (253 KB)) - 02:28, 15 October 2014","http://upload.wikimedia.org/wikipedia/commons/thumb/d/d3/Wes_Westrum_1955.png/82px-Wes_Westrum_1955.png","","http://en.wikipedia.org/wiki/File:Wes_Westrum_1955.png",""
"http://en.wikipedia.org/wiki/File:Gil_Hodges_1949.png","File:Gil Hodges 1949.png","Gil Hodges in a 1949 issue of Baseball Digest. Photo stitching by User:Dschwen. Date May 1949 Source Baseball Digest, page 81, May 1949 issue. [1] Author","(877 × 1,388 (2.32 MB)) - 05:55, 15 October 2014","http://upload.wikimedia.org/wikipedia/commons/thumb/d/d5/Gil_Hodges_1949.png/76px-Gil_Hodges_1949.png","","http://en.wikipedia.org/wiki/File:Gil_Hodges_1949.png",""
"http://en.wikipedia.org/wiki/File:H%C3%A9ctor_L%C3%B3pez_1955.png","File:Héctor López 1955.png","City A's player Héctor López in a 1955 issue of Baseball Digest. Date November 1955 Source Baseball Digest, back cover, November 1955 issue. [1] Author","(279 × 395 (183 KB)) - 02:28, 15 October 2014","http://upload.wikimedia.org/wikipedia/commons/thumb/b/bc/H%C3%A9ctor_L%C3%B3pez_1955.png/85px-H%C3%A9ctor_L%C3%B3pez_1955.png","","http://en.wikipedia.org/wiki/File:H%C3%A9ctor_L%C3%B3pez_1955.png",""
"http://en.wikipedia.org/wiki/File:Juan_Marichal_1962.png","File:Juan Marichal 1962.png","Giants pitcher en:Juan Marichal in a 1962 issue of Baseball Digest. Date October 1962 Source Baseball Digest, page 2, October 1962 issue. [1] Author Unknown","(295 × 398 (208 KB)) - 02:21, 15 October 2014","http://upload.wikimedia.org/wikipedia/commons/thumb/0/0b/Juan_Marichal_1962.png/89px-Juan_Marichal_1962.png","","http://en.wikipedia.org/wiki/File:Juan_Marichal_1962.png",""
"http://en.wikipedia.org/wiki/File:Sandy_Amor%C3%B3s_1954.png","File:Sandy Amorós 1954.png","outfielder en:Sandy Amorós in a 1954 issue of Baseball Digest. Date October 1954 Source Baseball Digest, back cover, October 1954 issue. [1] Author Unknown","(286 × 409 (211 KB)) - 02:28, 15 October 2014","http://upload.wikimedia.org/wikipedia/commons/thumb/c/ca/Sandy_Amor%C3%B3s_1954.png/84px-Sandy_Amor%C3%B3s_1954.png","","http://en.wikipedia.org/wiki/File:Sandy_Amor%C3%B3s_1954.png",""
"http://en.wikipedia.org/wiki/File:Willie_Mays_1954.png","File:Willie Mays 1954.png","Hall of Famer en:Willie Mays in a 1954 issue of Baseball Digest. Date September 1954 Source Baseball Digest, front cover, September 1954 issue. [1] Author","(315 × 416 (176 KB)) - 02:28, 15 October 2014","http://upload.wikimedia.org/wikipedia/commons/thumb/0/06/Willie_Mays_1954.png/91px-Willie_Mays_1954.png","","http://en.wikipedia.org/wiki/File:Willie_Mays_1954.png",""
"http://en.wikipedia.org/wiki/File:Jackie_Jensen_1959.png","File:Jackie Jensen 1959.png","fielder en:Jackie Jensen in a 1959 issue of Baseball Digest. Date December 1959 Source Baseball Digest, front cover, December 1959 issue. [1] Author","(279 × 311 (112 KB)) - 02:24, 15 October 2014","http://upload.wikimedia.org/wikipedia/commons/thumb/5/5d/Jackie_Jensen_1959.png/108px-Jackie_Jensen_1959.png","","http://en.wikipedia.org/wiki/File:Jackie_Jensen_1959.png",""
"http://en.wikipedia.org/wiki/File:Pat_Pieper_1963.png","File:Pat Pieper 1963.png","Adress announcer Pat Pieper in a 1963 issue of Baseball Digest. Date April 1963 Source Baseball Digest, page 2, April 1963 issue. [1] Author Unknown Permission","(267 × 409 (177 KB)) - 02:04, 24 October 2014","http://upload.wikimedia.org/wikipedia/commons/thumb/c/ca/Pat_Pieper_1963.png/78px-Pat_Pieper_1963.png","","http://en.wikipedia.org/wiki/File:Pat_Pieper_1963.png",""
"http://en.wikipedia.org/wiki/File:Johnny_Pesky_1963.png","File:Johnny Pesky 1963.png","Red Sox player en:Johnny Pesky in a 1963 issue of Baseball Digest. Date 1963-044 Source Baseball Digest, front cover, April 1963 issue. [1] Author Unknown","(245 × 287 (80 KB)) - 02:37, 15 October 2014","http://upload.wikimedia.org/wikipedia/commons/thumb/1/18/Johnny_Pesky_1963.png/102px-Johnny_Pesky_1963.png","","http://en.wikipedia.org/wiki/File:Johnny_Pesky_1963.png",""
"http://en.wikipedia.org/wiki/File:Warren_Spahn_1958.png","File:Warren Spahn 1958.png","Braves pitcher en:Warren Spahn in a 1958 issue of Baseball Digest. Date July 1958 Source Baseball Digest, front cover, July 1958 issue. [1] Author Unknown","(373 × 453 (204 KB)) - 02:25, 15 October 2014","http://upload.wikimedia.org/wikipedia/commons/thumb/c/ca/Warren_Spahn_1958.png/99px-Warren_Spahn_1958.png","","http://en.wikipedia.org/wiki/File:Warren_Spahn_1958.png",""
"http://en.wikipedia.org/wiki/File:Tony_Kubek_1961.png","File:Tony Kubek 1961.png","Yankees shortstop en:Tony Kubek in a 1961 issue of Baseball Digest. Date April 1961 Source Baseball Digest, front cover, April 1961 issue. [1] Author Unknown","(339 × 397 (230 KB)) - 02:23, 15 October 2014","http://upload.wikimedia.org/wikipedia/commons/thumb/c/c2/Tony_Kubek_1961.png/102px-Tony_Kubek_1961.png","","http://en.wikipedia.org/wiki/File:Tony_Kubek_1961.png",""
"http://en.wikipedia.org/wiki/File:Don_Nottebart_1961.png","File:Don Nottebart 1961.png","Braves pitcher Don Nottebart in a 1961 issue of Baseball Digest. Date March 1961 Source Baseball Digest, page 69, March 1961 issue. [1] Author Unknown","(295 × 406 (249 KB)) - 02:50, 29 July 2014","http://upload.wikimedia.org/wikipedia/commons/thumb/2/2b/Don_Nottebart_1961.png/87px-Don_Nottebart_1961.png","","http://en.wikipedia.org/wiki/File:Don_Nottebart_1961.png",""
"http://en.wikipedia.org/wiki/File:Bill_DeWitt_Sr.png","File:Bill DeWitt Sr.png","Reds executive Bill DeWitt Sr. in a 1962 issue of Baseball Digest. Date March 1962 Source Baseball Digest, page 62, March 1962 issue. [1] Author Unknown","(294 × 404 (204 KB)) - 07:44, 25 May 2014","http://upload.wikimedia.org/wikipedia/commons/thumb/7/73/Bill_DeWitt_Sr.png/87px-Bill_DeWitt_Sr.png","","http://en.wikipedia.org/wiki/File:Bill_DeWitt_Sr.png",""
"http://en.wikipedia.org/wiki/File:Lew_Burdette_1954.png","File:Lew Burdette 1954.png","Braves pitcher en:Lew Burdette in a 1954 issue of Baseball Digest. Date May 1954 Source Baseball Digest, page 2, May 1954 issue. [1] Author Unknown Permission","(304 × 383 (199 KB)) - 02:28, 15 October 2014","http://upload.wikimedia.org/wikipedia/commons/thumb/6/6c/Lew_Burdette_1954.png/95px-Lew_Burdette_1954.png","","http://en.wikipedia.org/wiki/File:Lew_Burdette_1954.png",""
"http://en.wikipedia.org/wiki/File:Fred_Newman_1963.jpg","File:Fred Newman 1963.jpg","Angels pitcher Fred Newman in a 1963 issue of Baseball Digest. Date March 1963 Source Baseball Digest, page 125, March 1963 issue. [1] Author Unknown","(241 × 344 (121 KB)) - 00:36, 16 December 2014","http://upload.wikimedia.org/wikipedia/commons/thumb/f/f0/Fred_Newman_1963.jpg/84px-Fred_Newman_1963.jpg","","http://en.wikipedia.org/wiki/File:Fred_Newman_1963.jpg",""
"http://en.wikipedia.org/wiki/File:Whitey_Ford_1954.png","File:Whitey Ford 1954.png","Yankees pitcher en:Whitey Ford in a 1954 issue of Baseball Digest. Date April 1954 Source Baseball Digest, front cover, April 1954 issue. [1] Author Unknown","(365 × 317 (167 KB)) - 02:28, 15 October 2014","http://upload.wikimedia.org/wikipedia/commons/thumb/4/47/Whitey_Ford_1954.png/120px-Whitey_Ford_1954.png","","http://en.wikipedia.org/wiki/File:Whitey_Ford_1954.png",""
"http://en.wikipedia.org/wiki/File:Don_Newcombe_1955.png","File:Don Newcombe 1955.png","Dodgers pitcher en:Don Newcombe in a 1955 issue of Baseball Digest. Date September 1955 Source Baseball Digest, front cover, September 1955 issue. [1] Author","(260 × 430 (200 KB)) - 02:50, 29 July 2014","http://upload.wikimedia.org/wikipedia/commons/thumb/b/b4/Don_Newcombe_1955.png/72px-Don_Newcombe_1955.png","","http://en.wikipedia.org/wiki/File:Don_Newcombe_1955.png",""
"http://en.wikipedia.org/wiki/File:Bob_Lennon_1955.png","File:Bob Lennon 1955.png","Giants pitcher en:Bob Lennon in a 1955 issue of Baseball Digest. Date March 1955 Source Baseball Digest, back cover, March 1955 issue. [1] Author Unknown","(222 × 293 (117 KB)) - 13:48, 31 May 2014","http://upload.wikimedia.org/wikipedia/commons/thumb/9/94/Bob_Lennon_1955.png/91px-Bob_Lennon_1955.png","","http://en.wikipedia.org/wiki/File:Bob_Lennon_1955.png",""
"http://en.wikipedia.org/wiki/File:Rocky_Colavito_1959.png","File:Rocky Colavito 1959.png","outfielder en:Rocky Colavito in a 1959 issue of Baseball Digest. Date September 1959 Source Baseball Digest, front cover, September 1959 issue. [1] Author","(320 × 386 (229 KB)) - 02:24, 15 October 2014","http://upload.wikimedia.org/wikipedia/commons/thumb/7/7a/Rocky_Colavito_1959.png/99px-Rocky_Colavito_1959.png","","http://en.wikipedia.org/wiki/File:Rocky_Colavito_1959.png",""
"http://en.wikipedia.org/wiki/File:Bob_Bailey_1963.png","File:Bob Bailey 1963.png","Pirates third baseman Bob Bailey in a 1963 issue of Baseball Digest. Date March 1963 Source Baseball Digest, front cover, March 1963 issue. [1] Author Unknown","(301 × 374 (151 KB)) - 13:21, 31 May 2014","http://upload.wikimedia.org/wikipedia/commons/thumb/3/35/Bob_Bailey_1963.png/96px-Bob_Bailey_1963.png","","http://en.wikipedia.org/wiki/File:Bob_Bailey_1963.png",""
"http://en.wikipedia.org/wiki/File:Tommy_Davis_1963.png","File:Tommy Davis 1963.png","Dodgers left fielder Tommy Davis in a 1963 issue of Baseball Digest. Date January 1963 Source Baseball Digest, page 31, December 1962-January 1963 issue. [1]","(359 × 391 (192 KB)) - 04:22, 21 October 2014","http://upload.wikimedia.org/wikipedia/commons/thumb/4/49/Tommy_Davis_1963.png/110px-Tommy_Davis_1963.png","","http://en.wikipedia.org/wiki/File:Tommy_Davis_1963.png",""
"http://en.wikipedia.org/wiki/File:Deacon_Jones_1963.png","File:Deacon Jones 1963.png","first baseman Deacon Jones in a 1963 issue of Baseball Digest. Date March 1963 Source Baseball Digest, front cover, March 1963 issue. [1] Author Unknown","(249 × 287 (87 KB)) - 02:19, 29 July 2014","http://upload.wikimedia.org/wikipedia/commons/thumb/0/05/Deacon_Jones_1963.png/104px-Deacon_Jones_1963.png","","http://en.wikipedia.org/wiki/File:Deacon_Jones_1963.png",""
"http://en.wikipedia.org/wiki/File:Hank_Greenberg_Pirates.png","File:Hank Greenberg Pirates.png","Hall of Famer en:Hank Greenberg in a 1947 issue of Baseball Digest. Date May 1947 Source Baseball Digest, front cover, May 1947 issue. [1] Author Unknown","(249 × 400 (210 KB)) - 02:31, 15 October 2014","http://upload.wikimedia.org/wikipedia/commons/thumb/3/35/Hank_Greenberg_Pirates.png/75px-Hank_Greenberg_Pirates.png","","http://en.wikipedia.org/wiki/File:Hank_Greenberg_Pirates.png",""
"http://en.wikipedia.org/wiki/File:Joe_DiMaggio_1951.png","File:Joe DiMaggio 1951.png","Hall of Famer en:Joe DiMaggio in a 1951 issue of Baseball Digest. Date July 1951 Source Baseball Digest, page 2, July 1951 issue. [1] Author Unknown Permission","(349 × 445 (295 KB)) - 02:30, 15 October 2014","http://upload.wikimedia.org/wikipedia/commons/thumb/3/37/Joe_DiMaggio_1951.png/94px-Joe_DiMaggio_1951.png","","http://en.wikipedia.org/wiki/File:Joe_DiMaggio_1951.png",""
"http://en.wikipedia.org/wiki/File:Ken_Boyer_1955.png","File:Ken Boyer 1955.png","third baseman en:Ken Boyer in a 1955 issue of Baseball Digest. Date July 1955 Source Baseball Digest, back cover, July 1955 issue. [1] Author Unknown","(284 × 401 (206 KB)) - 02:28, 15 October 2014","http://upload.wikimedia.org/wikipedia/commons/thumb/2/2d/Ken_Boyer_1955.png/85px-Ken_Boyer_1955.png","","http://en.wikipedia.org/wiki/File:Ken_Boyer_1955.png",""
"http://en.wikipedia.org/wiki/File:Johnny_Kucks_1956.png","File:Johnny Kucks 1956.png","Yankees pitcher en:Johnny Kucks in a 1956 issue of Baseball Digest. Date August 1956 Source Baseball Digest, back cover, August 1956 issue. [1] Author Unknown","(290 × 403 (150 KB)) - 02:27, 15 October 2014","http://upload.wikimedia.org/wikipedia/commons/thumb/5/52/Johnny_Kucks_1956.png/86px-Johnny_Kucks_1956.png","","http://en.wikipedia.org/wiki/File:Johnny_Kucks_1956.png",""
"http://en.wikipedia.org/wiki/File:Wally_Moon_1961.png","File:Wally Moon 1961.png","Dodgeres outfielder Wally Moon in a 1961 issue of Baseball Digest. Date July 1961 Source Baseball Digest, front cover, July 1961 issue. [1] Author Unknown","(377 × 345 (158 KB)) - 02:50, 15 October 2014","http://upload.wikimedia.org/wikipedia/commons/thumb/6/6c/Wally_Moon_1961.png/120px-Wally_Moon_1961.png","","http://en.wikipedia.org/wiki/File:Wally_Moon_1961.png",""
"http://en.wikipedia.org/wiki/File:Jim_Bouton_1963.png","File:Jim Bouton 1963.png","Yankees pitcher Jim Bouton in a 1963 issue of Baseball Digest. Date August 1963 Source Baseball Digest, front cover, August 1963 issue. [1] Author Unknown","(316 × 379 (213 KB)) - 02:21, 15 October 2014","http://upload.wikimedia.org/wikipedia/commons/thumb/5/54/Jim_Bouton_1963.png/100px-Jim_Bouton_1963.png","","http://en.wikipedia.org/wiki/File:Jim_Bouton_1963.png",""
"http://en.wikipedia.org/wiki/File:Clete_Boyer_1962.png","File:Clete Boyer 1962.png","third baseman en:Clete Boyer in a 1962 issue of Baseball Digest. Date July 1962 Source Baseball Digest, page 2, July 1962 issue. [1] Author Unknown Permission","(186 × 423 (146 KB)) - 22:35, 20 July 2014","http://upload.wikimedia.org/wikipedia/commons/thumb/7/72/Clete_Boyer_1962.png/52px-Clete_Boyer_1962.png","","http://en.wikipedia.org/wiki/File:Clete_Boyer_1962.png",""
"http://en.wikipedia.org/wiki/File:Dick_Donovan_1955.png","File:Dick Donovan 1955.png","en:Dick Donovan in the September 1955 issue of Baseball Digest. Date September 1955 Source Baseball Digest, back cover, September 1955 issue. [1] Author","(277 × 383 (200 KB)) - 02:30, 29 July 2014","http://upload.wikimedia.org/wikipedia/commons/thumb/9/95/Dick_Donovan_1955.png/87px-Dick_Donovan_1955.png","","http://en.wikipedia.org/wiki/File:Dick_Donovan_1955.png",""
"http://en.wikipedia.org/wiki/File:Art_Mahaffey_1961.png","File:Art Mahaffey 1961.png","Phillies pitcher en:Art Mahaffey in a 1961 issue of Baseball Digest. Date July 1961 Source Baseball Digest, page 2, July 1961 issue. [1] Author Unknown Permission","(290 × 411 (195 KB)) - 22:43, 30 April 2014","http://upload.wikimedia.org/wikipedia/commons/thumb/d/db/Art_Mahaffey_1961.png/85px-Art_Mahaffey_1961.png","","http://en.wikipedia.org/wiki/File:Art_Mahaffey_1961.png",""
"http://en.wikipedia.org/wiki/File:Tom_Morgan_1962.png","File:Tom Morgan 1962.png","Angeles Angels pitcher Tom Morgan in a 1962 issue of Baseball Digest. Date May 1962 Source Baseball Digest, page 67, May 1962 issue. [1] Author Unknown Permission","(227 × 275 (123 KB)) - 02:21, 15 October 2014","http://upload.wikimedia.org/wikipedia/commons/thumb/1/1d/Tom_Morgan_1962.png/99px-Tom_Morgan_1962.png","","http://en.wikipedia.org/wiki/File:Tom_Morgan_1962.png",""
"http://en.wikipedia.org/wiki/File:Earl_Battey_1961.png","File:Earl Battey 1961.png","Minnesota Twins catcher Earl Battey in a 1961 issue of Baseball Digest. Date June 1961 Source Baseball Digest, front cover, June 1961 issue. [1] Author Unknown","(494 × 436 (213 KB)) - 11:37, 7 September 2014","http://upload.wikimedia.org/wikipedia/commons/thumb/5/52/Earl_Battey_1961.png/120px-Earl_Battey_1961.png","","http://en.wikipedia.org/wiki/File:Earl_Battey_1961.png",""
"http://en.wikipedia.org/wiki/File:Joe_Adcock_1954.png","File:Joe Adcock 1954.png","Braves player en:Joe Adcock in a 1954 issue of Baseball Digest. Date August 1954 Source Baseball Digest, back cover, August 1954 issue. [1] Author Unknown","(293 × 403 (164 KB)) - 02:28, 15 October 2014","http://upload.wikimedia.org/wikipedia/commons/thumb/d/dd/Joe_Adcock_1954.png/87px-Joe_Adcock_1954.png","","http://en.wikipedia.org/wiki/File:Joe_Adcock_1954.png",""
"http://en.wikipedia.org/wiki/File:1840s_baseball_schematic_from_Evolution_of_the_Ball.png","File:1840s baseball schematic from Evolution of the Ball.png","""Evolution of the Ball"". Baseball Digest: 68. Author Unknown Permission (Reusing this file) see File:Evolution of the Ball, Baseball Digest July 1963.djvu","(550 × 545 (163 KB)) - 05:03, 14 December 2013","http://upload.wikimedia.org/wikipedia/commons/thumb/0/0b/1840s_baseball_schematic_from_Evolution_of_the_Ball.png/120px-1840s_baseball_schematic_from_Evolution_of_the_Ball.png","","http://en.wikipedia.org/wiki/File:1840s_baseball_schematic_from_Evolution_of_the_Ball.png",""
"http://en.wikipedia.org/wiki/File:Jos%C3%A9_Pag%C3%A1n_1963.png","File:José Pagán 1963.png","Giants shortstop en:José Pagán in a 1963 issue of Baseball Digest. Date June 1963 Source Baseball Digest, page 2, June 1963 issue. [1] Author Unknown Permission","(298 × 396 (193 KB)) - 02:21, 15 October 2014","http://upload.wikimedia.org/wikipedia/commons/thumb/8/8a/Jos%C3%A9_Pag%C3%A1n_1963.png/90px-Jos%C3%A9_Pag%C3%A1n_1963.png","","http://en.wikipedia.org/wiki/File:Jos%C3%A9_Pag%C3%A1n_1963.png",""
"http://en.wikipedia.org/wiki/File:Early_Wynn_1960.png","File:Early Wynn 1960.png","White Sox pitcher en:Early Wynn in a 1960 issue of Baseball Digest. Date May 1960 Source Baseball Digest, front cover, May 1960 issue. [1] Author Unknown","(349 × 317 (125 KB)) - 13:23, 7 September 2014","http://upload.wikimedia.org/wikipedia/commons/thumb/3/37/Early_Wynn_1960.png/120px-Early_Wynn_1960.png","","http://en.wikipedia.org/wiki/File:Early_Wynn_1960.png",""
"http://en.wikipedia.org/wiki/File:Bill_Bruton_1955.png","File:Bill Bruton 1955.png","Braves outfielder en:Bill Bruton in a 1955 issue of Baseball Digest. Date March 1955 Source Baseball Digest, page 2, March 1955 issue. [1] Author Unknown Permission","(289 × 411 (167 KB)) - 07:34, 25 May 2014","http://upload.wikimedia.org/wikipedia/commons/thumb/9/94/Bill_Bruton_1955.png/84px-Bill_Bruton_1955.png","","http://en.wikipedia.org/wiki/File:Bill_Bruton_1955.png",""
"http://en.wikipedia.org/wiki/File:Roy_Face_1959.png","File:Roy Face 1959.png","Pirates pitcher en:Roy Face in a 1959 issue of Baseball Digest. Date September 1959 Source Baseball Digest, front cover, September 1959 issue. [1] Author","(323 × 407 (198 KB)) - 02:24, 15 October 2014","http://upload.wikimedia.org/wikipedia/commons/thumb/2/26/Roy_Face_1959.png/95px-Roy_Face_1959.png","","http://en.wikipedia.org/wiki/File:Roy_Face_1959.png",""
"http://en.wikipedia.org/wiki/File:Ted_Kluszewski_1954.png","File:Ted Kluszewski 1954.png","first baseman Ted Kluszewski in a 1954 issue of Baseball Digest. Date November 1954 Source Baseball Digest, page 2, November 1954 issue. [1] Author Unknown","(283 × 402 (208 KB)) - 02:28, 15 October 2014","http://upload.wikimedia.org/wikipedia/commons/thumb/e/ed/Ted_Kluszewski_1954.png/84px-Ted_Kluszewski_1954.png","","http://en.wikipedia.org/wiki/File:Ted_Kluszewski_1954.png",""
"http://en.wikipedia.org/wiki/File:Frank_Robinson_1961.png","File:Frank Robinson 1961.png","Hall of Famer Frank Robinson in a 1961 issue of Baseball Digest. Date October 1961 Source Baseball Digest, front cover, October 1961 issue. [1] Author Unknown","(331 × 392 (200 KB)) - 02:23, 15 October 2014","http://upload.wikimedia.org/wikipedia/commons/thumb/e/ec/Frank_Robinson_1961.png/101px-Frank_Robinson_1961.png","","http://en.wikipedia.org/wiki/File:Frank_Robinson_1961.png",""
"http://en.wikipedia.org/wiki/File:Bob_Allison_1959.png","File:Bob Allison 1959.png","outfielder en:Bob Allison in a 1959 issue of Baseball Digest. Date September 1959 Source Baseball Digest, page 19, September 1959 issue. [1] Author Unknown","(477 × 437 (305 KB)) - 13:20, 31 May 2014","http://upload.wikimedia.org/wikipedia/commons/thumb/a/aa/Bob_Allison_1959.png/120px-Bob_Allison_1959.png","","http://en.wikipedia.org/wiki/File:Bob_Allison_1959.png",""
"http://en.wikipedia.org/wiki/File:Johnny_Antonelli_1954.png","File:Johnny Antonelli 1954.png","pitcher en:Johnny Antonelli in a 1954 issue of Baseball Digest. Date October 1954 Source Baseball Digest, back cover, October 1954 issue. [1] Author Unknown","(286 × 407 (175 KB)) - 02:28, 15 October 2014","http://upload.wikimedia.org/wikipedia/commons/thumb/d/d0/Johnny_Antonelli_1954.png/84px-Johnny_Antonelli_1954.png","","http://en.wikipedia.org/wiki/File:Johnny_Antonelli_1954.png",""
"http://en.wikipedia.org/wiki/File:Rod_Kanehl_1962.png","File:Rod Kanehl 1962.png","York Mets player Rod Kanehl in a 1962 issue of Baseball Digest. Date September 1962 Source Baseball Digest, page 2, September 1962 issue. [1] Author Unknown","(280 × 395 (197 KB)) - 02:22, 15 October 2014","http://upload.wikimedia.org/wikipedia/commons/thumb/5/57/Rod_Kanehl_1962.png/85px-Rod_Kanehl_1962.png","","http://en.wikipedia.org/wiki/File:Rod_Kanehl_1962.png",""
"http://en.wikipedia.org/wiki/File:Birdie_Tebbetts_1954.jpg","File:Birdie Tebbetts 1954.jpg","Redlegs manager Birdie Tebbetts in a 1954 issue of Baseball Digest. Date April 1954 Source Baseball Digest, page 2, April 1954 issue. [1] Author Unknown Permission","(288 × 362 (97 KB)) - 07:45, 12 January 2014","http://upload.wikimedia.org/wikipedia/commons/thumb/d/de/Birdie_Tebbetts_1954.jpg/95px-Birdie_Tebbetts_1954.jpg","","http://en.wikipedia.org/wiki/File:Birdie_Tebbetts_1954.jpg",""
"http://en.wikipedia.org/wiki/File:Gil_Hodges_1960.png","File:Gil Hodges 1960.png","first baseman Gil Hodges in a 1960 issue of Baseball Digest. Date February 1960 Source Baseball Digest, page 27, February 1960 issue. [1] Author Unknown","(253 × 395 (185 KB)) - 04:58, 28 December 2013","http://upload.wikimedia.org/wikipedia/commons/thumb/9/9e/Gil_Hodges_1960.png/77px-Gil_Hodges_1960.png","","http://en.wikipedia.org/wiki/File:Gil_Hodges_1960.png",""
"http://en.wikipedia.org/wiki/File:Ron_Herbel_1963.png","File:Ron Herbel 1963.png","Francisco Giants pitcher Ron Herbel in a 1963 issue of Baseball Digest. Date March 1963 Source Baseball Digest, front cover, March 1963 issue. [1] Author Unknown","(278 × 344 (121 KB)) - 03:03, 15 October 2014","http://upload.wikimedia.org/wikipedia/commons/thumb/b/b8/Ron_Herbel_1963.png/97px-Ron_Herbel_1963.png","","http://en.wikipedia.org/wiki/File:Ron_Herbel_1963.png",""
"http://en.wikipedia.org/wiki/File:Gary_Peters_1962.png","File:Gary Peters 1962.png","White Sox pitcher Gary Peters in a 1962 issue of Baseball Digest. Date March 1962 Source Baseball Digest, page 81, March 1962 issue. [1] Author Unknown","(259 × 371 (212 KB)) - 03:04, 15 October 2014","http://upload.wikimedia.org/wikipedia/commons/thumb/1/10/Gary_Peters_1962.png/84px-Gary_Peters_1962.png","","http://en.wikipedia.org/wiki/File:Gary_Peters_1962.png",""
"http://en.wikipedia.org/wiki/File:Howie_Bedell_1962.png","File:Howie Bedell 1962.png","Braves left fielder Howie Bedell in a 1962 issue of Baseball Digest. Date March 1962 Source Baseball Digest, front cover, March 1962 issue. [1] Author Unknown","(144 × 187 (47 KB)) - 03:03, 15 October 2014","http://upload.wikimedia.org/wikipedia/commons/thumb/6/69/Howie_Bedell_1962.png/92px-Howie_Bedell_1962.png","","http://en.wikipedia.org/wiki/File:Howie_Bedell_1962.png",""
"http://en.wikipedia.org/wiki/File:Bernie_Allen_1963.png","File:Bernie Allen 1963.png","second baseman Bernie Allen in a 1963 issue of Baseball Digest. Date March 1963 Source Baseball Digest, back cover, March 1963 issue. [1] Author Unknown","(382 × 445 (285 KB)) - 15:07, 22 May 2014","http://upload.wikimedia.org/wikipedia/commons/thumb/e/ec/Bernie_Allen_1963.png/103px-Bernie_Allen_1963.png","","http://en.wikipedia.org/wiki/File:Bernie_Allen_1963.png",""
"http://en.wikipedia.org/wiki/File:Tommy_Harper_1963.png","File:Tommy Harper 1963.png","Cincinnati Reds player Tommy Harper in a 1963 issue of Baseball Digest. Date March 1963 Source Baseball Digest, page 9, March 1963 issue. [1] Author Unknown Permission","(263 × 377 (219 KB)) - 03:03, 15 October 2014","http://upload.wikimedia.org/wikipedia/commons/thumb/0/02/Tommy_Harper_1963.png/84px-Tommy_Harper_1963.png","","http://en.wikipedia.org/wiki/File:Tommy_Harper_1963.png",""
"http://en.wikipedia.org/wiki/File:Bobby_Bragan_1963.png","File:Bobby Bragan 1963.png","Braves manager Bobby Bragan in a 1963 issue of Baseball Digest. Date April 1963 Source Baseball Digest, front cover, April 1963 issue. [1] Author Unknown","(326 × 394 (169 KB)) - 03:28, 18 October 2014","http://upload.wikimedia.org/wikipedia/commons/thumb/9/9a/Bobby_Bragan_1963.png/99px-Bobby_Bragan_1963.png","","http://en.wikipedia.org/wiki/File:Bobby_Bragan_1963.png",""
"http://en.wikipedia.org/wiki/File:Gil_Hodges.png","File:Gil Hodges.png","English: Brooklyn Dodgers first baseman en:Gil Hodges in a 1953 issue of Baseball Digest. Original caption:""Brooklyn's Gil Hodges finds style cramped by fan","(380 × 445 (318 KB)) - 02:28, 15 October 2014","http://upload.wikimedia.org/wikipedia/commons/thumb/7/75/Gil_Hodges.png/102px-Gil_Hodges.png","","http://en.wikipedia.org/wiki/File:Gil_Hodges.png",""
"http://en.wikipedia.org/wiki/File:Roger_Maris_Indians.png","File:Roger Maris Indians.png","with the Cleveland Indians in a 1957 issue of Baseball Digest. Date March 1957 Source Baseball Digest, page 2, March 1957 issue. [1] Author Unknown Permission","(298 × 362 (157 KB)) - 02:25, 15 October 2014","http://upload.wikimedia.org/wikipedia/commons/thumb/3/3c/Roger_Maris_Indians.png/99px-Roger_Maris_Indians.png","","http://en.wikipedia.org/wiki/File:Roger_Maris_Indians.png",""
"http://en.wikipedia.org/wiki/File:Hank_Sauer_1948.png","File:Hank Sauer 1948.png","Reds outfielder en:Hank Sauer in a 1948 issue of Baseball Digest. Date October 1948 Source Baseball Digest, front cover, October 1948 issue. [1] Author Unknown","(287 × 416 (234 KB)) - 02:31, 15 October 2014","http://upload.wikimedia.org/wikipedia/commons/thumb/c/cc/Hank_Sauer_1948.png/83px-Hank_Sauer_1948.png","","http://en.wikipedia.org/wiki/File:Hank_Sauer_1948.png",""
"http://en.wikipedia.org/wiki/File:Clay_Dalrymple_1962.png","File:Clay Dalrymple 1962.png","Phillies catcher Clay Dalrymple in a 1962 issue of Baseball Digest. Date September 1962 Source Baseball Digest, back cover, September 1962 issue. [1] Author","(437 × 446 (295 KB)) - 12:52, 20 July 2014","http://upload.wikimedia.org/wikipedia/commons/thumb/0/05/Clay_Dalrymple_1962.png/118px-Clay_Dalrymple_1962.png","","http://en.wikipedia.org/wiki/File:Clay_Dalrymple_1962.png",""
"http://en.wikipedia.org/wiki/File:Reggie_Otero_1963.png","File:Reggie Otero 1963.png","base coach en:Reggie Otero in a 1963 issue of Baseball Digest. Date August 1963 Source Baseball Digest, page 2, August 1963 issue. [1] Author Unknown","(287 × 373 (172 KB)) - 02:33, 15 October 2014","http://upload.wikimedia.org/wikipedia/commons/thumb/3/3b/Reggie_Otero_1963.png/92px-Reggie_Otero_1963.png","","http://en.wikipedia.org/wiki/File:Reggie_Otero_1963.png",""
"http://en.wikipedia.org/wiki/File:Johnny_Blanchard.png","File:Johnny Blanchard.png","player en:Johnny Blanchard in a 1959 issue of Baseball Digest. Date February 1959 Source Baseball Digest, back cover, February 1959 issue. [1] Author","(289 × 426 (163 KB)) - 02:24, 15 October 2014","http://upload.wikimedia.org/wikipedia/commons/thumb/2/20/Johnny_Blanchard.png/81px-Johnny_Blanchard.png","","http://en.wikipedia.org/wiki/File:Johnny_Blanchard.png",""
"http://en.wikipedia.org/wiki/File:Orlando_Cepeda_1962.png","File:Orlando Cepeda 1962.png","first baseman en:Orlando Cepeda in a 1962 issue of Baseball Digest. Date April 1962 Source Baseball Digest, front cover, April 1962 issue. [1] Author Unknown","(340 × 441 (188 KB)) - 02:23, 15 October 2014","http://upload.wikimedia.org/wikipedia/commons/thumb/a/ac/Orlando_Cepeda_1962.png/92px-Orlando_Cepeda_1962.png","","http://en.wikipedia.org/wiki/File:Orlando_Cepeda_1962.png",""
"http://en.wikipedia.org/wiki/File:Harvey_Haddix_1953.png","File:Harvey Haddix 1953.png","Cardinals pitcher en:Harvey Haddix in a 1953 issue of Baseball Digest. Date August 1953 Source Baseball Digest, page 2, August 1953 issue. [1] Author Unknown","(251 × 287 (114 KB)) - 02:29, 15 October 2014","http://upload.wikimedia.org/wikipedia/commons/thumb/d/d1/Harvey_Haddix_1953.png/105px-Harvey_Haddix_1953.png","","http://en.wikipedia.org/wiki/File:Harvey_Haddix_1953.png",""
"http://en.wikipedia.org/wiki/File:Walter_Alston_1954.png","File:Walter Alston 1954.png","Dodgers manager en:Walter Alston in a 1954 issue of Baseball Digest. Date April 1954 Source Baseball Digest, page 2, April 1954 issue. [1] Author Unknown Permission","(359 × 427 (206 KB)) - 02:28, 15 October 2014","http://upload.wikimedia.org/wikipedia/commons/thumb/6/6d/Walter_Alston_1954.png/101px-Walter_Alston_1954.png","","http://en.wikipedia.org/wiki/File:Walter_Alston_1954.png",""
"http://en.wikipedia.org/wiki/File:Billy_Martin_1952_World_Series_catch.png","File:Billy Martin 1952 World Series catch.png","of the 1952 World Series. Photo from a 1958 Baseball Digest issue. Date October 1958 Source Baseball Digest, front cover, October 1958 issue. [1] Author","(386 × 408 (293 KB)) - 11:14, 25 May 2014","http://upload.wikimedia.org/wikipedia/commons/thumb/f/f1/Billy_Martin_1952_World_Series_catch.png/114px-Billy_Martin_1952_World_Series_catch.png","","http://en.wikipedia.org/wiki/File:Billy_Martin_1952_World_Series_catch.png",""
"http://en.wikipedia.org/wiki/File:Frank_Howard_Dodgers.png","File:Frank Howard Dodgers.png","right fielder Frank Howard in a 1962 issue of Baseball Digest. Date October 1962 Source Baseball Digest, front cover, October 1962 issue. [1] Author Unknown","(335 × 397 (253 KB)) - 02:22, 15 October 2014","http://upload.wikimedia.org/wikipedia/commons/thumb/c/cb/Frank_Howard_Dodgers.png/101px-Frank_Howard_Dodgers.png","","http://en.wikipedia.org/wiki/File:Frank_Howard_Dodgers.png",""
"http://en.wikipedia.org/wiki/File:Bill_Tuttle_1954.png","File:Bill Tuttle 1954.png","centerfielder en:Bill Tuttle in a 1954 issue of Baseball Digest. Date August 1954 Source Baseball Digest, back cover, August 1954 issue. Author Unknown","(291 × 401 (173 KB)) - 08:23, 25 May 2014","http://upload.wikimedia.org/wikipedia/commons/thumb/8/82/Bill_Tuttle_1954.png/87px-Bill_Tuttle_1954.png","","http://en.wikipedia.org/wiki/File:Bill_Tuttle_1954.png",""
"http://en.wikipedia.org/wiki/File:Hoyt_Wilhelm_1959.png","File:Hoyt Wilhelm 1959.png","Hall of Famer Hoyt Wilhelm in a 1959 issue of Baseball Digest. Date August 1959 Source Baseball Digest, front cover, August 1959 issue. [1] Author Unknown","(299 × 373 (120 KB)) - 02:51, 15 October 2014","http://upload.wikimedia.org/wikipedia/commons/thumb/7/7f/Hoyt_Wilhelm_1959.png/96px-Hoyt_Wilhelm_1959.png","","http://en.wikipedia.org/wiki/File:Hoyt_Wilhelm_1959.png",""
"http://en.wikipedia.org/wiki/File:Von_McDaniel_1958.png","File:Von McDaniel 1958.png","Cardinals pitcher Von McDaniel in a 1958 issue of Baseball Digest. Date February 1958 Source Baseball Digest, front cover, February 1958 issue. [1] Author","(356 × 386 (151 KB)) - 03:03, 15 October 2014","http://upload.wikimedia.org/wikipedia/commons/thumb/5/5d/Von_McDaniel_1958.png/111px-Von_McDaniel_1958.png","","http://en.wikipedia.org/wiki/File:Von_McDaniel_1958.png",""
"http://en.wikipedia.org/wiki/File:Billy_Ott_1963.png","File:Billy Ott 1963.png","Cubs right fielder Billy Ott in a 1963 issue of Baseball Digest. Date March 1963 Source Baseball Digest, page 9, March 1963 issue. [1] Author Unknown Permission","(269 × 380 (228 KB)) - 11:20, 25 May 2014","http://upload.wikimedia.org/wikipedia/commons/thumb/4/46/Billy_Ott_1963.png/85px-Billy_Ott_1963.png","","http://en.wikipedia.org/wiki/File:Billy_Ott_1963.png",""
"http://en.wikipedia.org/wiki/File:Rich_Rollins_1962.png","File:Rich Rollins 1962.png","third baseman Rich Rollins in a 1962 issue of Baseball Digest. Date September 1962 Source Baseball Digest, front cover, September 1962 issue. [1] Author","(280 × 430 (165 KB)) - 02:42, 15 October 2014","http://upload.wikimedia.org/wikipedia/commons/thumb/f/f6/Rich_Rollins_1962.png/78px-Rich_Rollins_1962.png","","http://en.wikipedia.org/wiki/File:Rich_Rollins_1962.png",""
"http://en.wikipedia.org/wiki/File:Eddie_Lopat_1963.png","File:Eddie Lopat 1963.png","Athletics manager en:Eddie Lopat in a 1963 issue of Baseball Digest. Date April 1963 Source Baseball Digest, front cover, April 1963 issue. [1] Author Unknown","(312 × 294 (90 KB)) - 16:49, 10 September 2014","http://upload.wikimedia.org/wikipedia/commons/thumb/4/4f/Eddie_Lopat_1963.png/120px-Eddie_Lopat_1963.png","","http://en.wikipedia.org/wiki/File:Eddie_Lopat_1963.png",""
"http://en.wikipedia.org/wiki/File:Duke_Snider_1954.png","File:Duke Snider 1954.png","centerfielder Duke Snider in a 1954 issue of Baseball Digest. Date September 1954 Source Baseball Digest, back cover, September 1954 issue. [1] Author","(284 × 402 (155 KB)) - 03:04, 29 July 2014","http://upload.wikimedia.org/wikipedia/commons/thumb/f/f8/Duke_Snider_1954.png/85px-Duke_Snider_1954.png","","http://en.wikipedia.org/wiki/File:Duke_Snider_1954.png",""
"http://en.wikipedia.org/wiki/File:Joe_Garagiola_1951.png","File:Joe Garagiola 1951.png","Cardinals catcher Joe Garagiola in a 1951 issue of Baseball Digest. Date June 1951 Source Baseball Digest, page 2, June 1951 issue. [1] Author Unknown Permission","(284 × 364 (218 KB)) - 02:30, 15 October 2014","http://upload.wikimedia.org/wikipedia/commons/thumb/8/83/Joe_Garagiola_1951.png/94px-Joe_Garagiola_1951.png","","http://en.wikipedia.org/wiki/File:Joe_Garagiola_1951.png",""
"http://en.wikipedia.org/wiki/File:Ed_Kranepool_1963.png","File:Ed Kranepool 1963.png","Mets first baseman en:Ed Kranepool in a 1963 issue of Baseball Digest. Date Source Baseball Digest, page 2, August 1963 issue. [1] Author 1963-08 Permission","(292 × 369 (170 KB)) - 23:35, 1 October 2011","http://upload.wikimedia.org/wikipedia/commons/thumb/d/d7/Ed_Kranepool_1963.png/95px-Ed_Kranepool_1963.png","","http://en.wikipedia.org/wiki/File:Ed_Kranepool_1963.png",""
"http://en.wikipedia.org/wiki/File:Leo_Durocher_1948.png","File:Leo Durocher 1948.png","Giants manager en:Leo Durocher in a 1948 issue of Baseball Digest. Date September 1948 Source Baseball Digest, page 2, September 1948 issue. [1] Author Unknown","(329 × 403 (228 KB)) - 02:33, 15 October 2014","http://upload.wikimedia.org/wikipedia/commons/thumb/5/56/Leo_Durocher_1948.png/98px-Leo_Durocher_1948.png","","http://en.wikipedia.org/wiki/File:Leo_Durocher_1948.png",""
"http://en.wikipedia.org/wiki/File:Hal_Smith_1959.png","File:Hal Smith 1959.png","Cardinals catcher Hal Smith in a 1959 issue of Baseball Digest. Date July 1959 Source Baseball Digest, page 74, July 1959 issue. [1] Author Unknown Permission","(226 × 367 (194 KB)) - 23:51, 13 December 2014","http://upload.wikimedia.org/wikipedia/commons/thumb/b/ba/Hal_Smith_1959.png/74px-Hal_Smith_1959.png","","http://en.wikipedia.org/wiki/File:Hal_Smith_1959.png",""
"http://en.wikipedia.org/wiki/File:Eddie_Joost_1954.png","File:Eddie Joost 1954.png","player/manager en:Eddie Joost in a 1954 issue of Baseball Digest. Date April 1954 Source Baseball Digest, page 2, April 1954 issue. [1] Author Unknown Permission","(346 × 427 (253 KB)) - 17:48, 8 September 2014","http://upload.wikimedia.org/wikipedia/commons/thumb/5/50/Eddie_Joost_1954.png/97px-Eddie_Joost_1954.png","","http://en.wikipedia.org/wiki/File:Eddie_Joost_1954.png",""
"http://en.wikipedia.org/wiki/File:Jim_Fregosi_1962.png","File:Jim Fregosi 1962.png","Angeles Angels player Jim Fregosi in a 1962 issue of Baseball Digest. Date March 1962 Source Baseball Digest, front cover, March 1962 issue. [1] Author Unknown","(185 × 184 (52 KB)) - 02:43, 15 October 2014","http://upload.wikimedia.org/wikipedia/commons/thumb/4/49/Jim_Fregosi_1962.png/120px-Jim_Fregosi_1962.png","","http://en.wikipedia.org/wiki/File:Jim_Fregosi_1962.png",""
"http://en.wikipedia.org/wiki/File:Tom_Tresh_1962.png","File:Tom Tresh 1962.png","Tresh in a 1962 issue of Baesball Digest. Date October 1962 Source Baseball Digest, front cover, October 1962 issue. [1] Author Unknown Permission (Reusing","(316 × 380 (219 KB)) - 02:23, 15 October 2014","http://upload.wikimedia.org/wikipedia/commons/thumb/2/28/Tom_Tresh_1962.png/100px-Tom_Tresh_1962.png","","http://en.wikipedia.org/wiki/File:Tom_Tresh_1962.png",""
"http://en.wikipedia.org/wiki/File:Bob_Gibson_1962.png","File:Bob Gibson 1962.png","Cardinals pitcher en:Bob Gibson in 1962. Date September 1962 Source Baseball Digest, page 2, September 1962 issue. [1] Author Unknown Permission (Reusing","(302 × 401 (232 KB)) - 13:37, 31 May 2014","http://upload.wikimedia.org/wikipedia/commons/thumb/8/83/Bob_Gibson_1962.png/90px-Bob_Gibson_1962.png","","http://en.wikipedia.org/wiki/File:Bob_Gibson_1962.png",""
"http://en.wikipedia.org/wiki/File:Harmon_Killebrew_1962.png","File:Harmon Killebrew 1962.png","Hall of Famer en:Harmon Killebrew with the twins in 1962. Date April 1962 Source Baseball Digest, back cover, April 1962 issue. [1] Author Unknown","(509 × 613 (338 KB)) - 20:39, 2 April 2012","http://upload.wikimedia.org/wikipedia/commons/thumb/e/e7/Harmon_Killebrew_1962.png/100px-Harmon_Killebrew_1962.png","","http://en.wikipedia.org/wiki/File:Harmon_Killebrew_1962.png",""
"http://en.wikipedia.org/wiki/File:Johnny_Vander_Meer.png","File:Johnny Vander Meer.png","An image of Major League Baseball pitcher en:Johnny Vander Meer. Date May 1948 Source Baseball Digest, back cover, May 1948 issue. [1] Author Unknown","(232 × 500 (163 KB)) - 18:55, 19 October 2011","http://upload.wikimedia.org/wikipedia/commons/thumb/e/e7/Johnny_Vander_Meer.png/55px-Johnny_Vander_Meer.png","","http://en.wikipedia.org/wiki/File:Johnny_Vander_Meer.png",""
"http://en.wikipedia.org/wiki/File:Whitey_Kurowski.png","File:Whitey Kurowski.png","Major League Baseball third baseman en:Whitey Kurowski. Date July 1947 Source Baseball Digest, inside front cover, July 1947 issue. [1] Author Unknown","(327 × 800 (414 KB)) - 02:21, 12 March 2014","http://upload.wikimedia.org/wikipedia/commons/thumb/0/06/Whitey_Kurowski.png/49px-Whitey_Kurowski.png","","http://en.wikipedia.org/wiki/File:Whitey_Kurowski.png",""
"http://en.wikipedia.org/wiki/File:Casey_Stengel_1951.png","File:Casey Stengel 1951.png","Baseball Digest: This image or file was extracted from an issue of Baseball Digest published before January 1, 1964. A search of the following sources:","(302 × 384 (225 KB)) - 15:09, 5 July 2014","http://upload.wikimedia.org/wikipedia/commons/thumb/9/9f/Casey_Stengel_1951.png/94px-Casey_Stengel_1951.png","","http://en.wikipedia.org/wiki/File:Casey_Stengel_1951.png",""
"http://en.wikipedia.org/wiki/File:Harmon_Killebrew_1959.png","File:Harmon Killebrew 1959.png","baseman and Hall of Famer Harmon Killebrew. Date July 1959 Source Baseball Digest, front cover, July 1959 issue. [1] Author Unknown Permission (Reusing","(297 × 424 (391 KB)) - 03:03, 15 October 2014","http://upload.wikimedia.org/wikipedia/commons/thumb/c/cd/Harmon_Killebrew_1959.png/84px-Harmon_Killebrew_1959.png","","http://en.wikipedia.org/wiki/File:Harmon_Killebrew_1959.png",""
"http://en.wikipedia.org/wiki/File:Elston_Howard_1961.png","File:Elston Howard 1961.png","Jocko Conlan during the 1961 World Series. Date January 1962 Source Baseball Digest, front cover, December 1961-Janurary 1962 issue. [1] Author Unknown","(442 × 428 (311 KB)) - 02:50, 15 October 2014","http://upload.wikimedia.org/wikipedia/commons/thumb/a/a2/Elston_Howard_1961.png/120px-Elston_Howard_1961.png","","http://en.wikipedia.org/wiki/File:Elston_Howard_1961.png",""
"http://en.wikipedia.org/wiki/File:Joe_McCarthy.png","File:Joe McCarthy.png","image of Major League Baseball Hall of Fame manager Joe McCarthy. Date April 1948 Source Baseball Digest, front cover, April 1948 issue. [1] Author Acme","(445 × 773 (675 KB)) - 21:10, 15 November 2010","http://upload.wikimedia.org/wikipedia/commons/thumb/a/a2/Joe_McCarthy.png/69px-Joe_McCarthy.png","","http://en.wikipedia.org/wiki/File:Joe_McCarthy.png",""
"http://en.wikipedia.org/wiki/File:1946_St._Louis_Cardinals.png","File:1946 St. Louis Cardinals.png","World Series champion en:St. Louis Cardinals. Date November 1946 Source Baseball Digest, page 65, November 1946 issue. [1] Author Press Association","(933 × 613 (1.23 MB)) - 20:53, 14 October 2012","http://upload.wikimedia.org/wikipedia/commons/thumb/d/d1/1946_St._Louis_Cardinals.png/120px-1946_St._Louis_Cardinals.png","","http://en.wikipedia.org/wiki/File:1946_St._Louis_Cardinals.png",""
"http://en.wikipedia.org/wiki/File:George_Kell.png","File:George Kell.png","of Major League Baseball hall of famer en:George Kell. Date October 1946 Source Baseball Digest, back cover, October 1946 issue. [1] Author Unknown","(399 × 414 (313 KB)) - 19:16, 13 January 2013","http://upload.wikimedia.org/wikipedia/commons/thumb/7/7d/George_Kell.png/116px-George_Kell.png","","http://en.wikipedia.org/wiki/File:George_Kell.png",""
"http://en.wikipedia.org/wiki/File:Curt_Flood_1957.png","File:Curt Flood 1957.png","reserve-clause opponent) en:Curt Flood in a 1957 issue of Baseball Digest. Date March 1957 Source Baseball Digest, back cover, March 1957 issue. [1] Author Unknown","(205 × 281 (90 KB)) - 01:58, 29 July 2014","http://upload.wikimedia.org/wikipedia/commons/thumb/1/1a/Curt_Flood_1957.png/87px-Curt_Flood_1957.png","","http://en.wikipedia.org/wiki/File:Curt_Flood_1957.png",""
"http://en.wikipedia.org/wiki/File:Felipe_Alou_1963.png","File:Felipe Alou 1963.png","Giants player Felipa Alou in a 1963 issue of Baseball Digest. Date February 1963 Source Baseball Digest, page 45, February 1963 issue. [1] Author Unknown","(204 × 252 (105 KB)) - 02:42, 15 October 2014","http://upload.wikimedia.org/wikipedia/commons/thumb/a/a7/Felipe_Alou_1963.png/97px-Felipe_Alou_1963.png","","http://en.wikipedia.org/wiki/File:Felipe_Alou_1963.png",""
"http://en.wikipedia.org/wiki/File:Early_cork_center_baseball_schematic_from_Evolution_of_the_Ball.png","File:Early cork center baseball schematic from Evolution of the Ball.png","""Evolution of the Ball"". Baseball Digest: 69. Author Unknown Permission (Reusing this file) see File:Evolution of the Ball, Baseball Digest July 1963.djvu","(548 × 550 (166 KB)) - 22:49, 21 December 2013","http://upload.wikimedia.org/wikipedia/commons/thumb/f/f8/Early_cork_center_baseball_schematic_from_Evolution_of_the_Ball.png/120px-Early_cork_center_baseball_schematic_from_Evolution_of_the_Ball.png","","http://en.wikipedia.org/wiki/File:Early_cork_center_baseball_schematic_from_Evolution_of_the_Ball.png",""
"http://en.wikipedia.org/wiki/File:Robin_Evan_Roberts_head_shot,_circa_1963.jpg","File:Robin Evan Roberts head shot, circa 1963.jpg","circa 1963 Source Google Books - Murray Robinson (1963-07). ""The Sudden Change-up"". Baseball Digest: 2. Author Unknown Permission (Reusing this file)","(351 × 456 (123 KB)) - 08:32, 27 December 2013","http://upload.wikimedia.org/wikipedia/commons/thumb/7/7f/Robin_Evan_Roberts_head_shot%2C_circa_1963.jpg/92px-Robin_Evan_Roberts_head_shot%2C_circa_1963.jpg","","http://en.wikipedia.org/wiki/File:Robin_Evan_Roberts_head_shot,_circa_1963.jpg",""
"http://en.wikipedia.org/wiki/File:WhiteHispanics7.jpg","File:WhiteHispanics7.jpg","File:Ted_Williams_BBall_Digest_May_1949_raw.jpg licensed with PD-US-not renewed, Baseball Digest pre-1964 2010-02-13T05:24:02Z Staxringold 631x658 (268861 Bytes) {{Information","(264 × 396 (119 KB)) - 19:43, 24 May 2014","http://upload.wikimedia.org/wikipedia/commons/thumb/d/d3/WhiteHispanics7.jpg/80px-WhiteHispanics7.jpg","","http://en.wikipedia.org/wiki/File:WhiteHispanics7.jpg",""
"http://en.wikipedia.org/wiki/File:WhiteHispanics.jpg","File:WhiteHispanics.jpg","File:Ted_Williams_BBall_Digest_May_1949_raw.jpg licensed with PD-US-not renewed, Baseball Digest pre-1964 2010-02-13T05:24:02Z Staxringold 631x658 (268861 Bytes) {{Information","(300 × 450 (148 KB)) - 19:22, 24 May 2014","http://upload.wikimedia.org/wikipedia/commons/thumb/2/25/WhiteHispanics.jpg/80px-WhiteHispanics.jpg","","http://en.wikipedia.org/wiki/File:WhiteHispanics.jpg",""
"http://en.wikipedia.org/wiki/File:WhiteHispanic.jpg","File:WhiteHispanic.jpg","File:Ted_Williams_BBall_Digest_May_1949_raw.jpg licensed with PD-US-not renewed, Baseball Digest pre-1964 2010-02-13T05:24:02Z Staxringold 631x658 (268861 Bytes) {{Information","(400 × 533 (215 KB)) - 20:49, 24 May 2014","http://upload.wikimedia.org/wikipedia/commons/thumb/d/d9/WhiteHispanic.jpg/90px-WhiteHispanic.jpg","","http://en.wikipedia.org/wiki/File:WhiteHispanic.jpg",""
"http://en.wikipedia.org/wiki/File:WRN_2012.pdf","File:WRN 2012.pdf","version of Baseball Digest became available. However,
because of the law governing copyright expiration, all the issues of Baseball Digest published before","(1,240 × 1,753 (14.5 MB)) - 17:37, 27 February 2013","http://upload.wikimedia.org/wikipedia/commons/thumb/d/d9/WRN_2012.pdf/page1-85px-WRN_2012.pdf.jpg","","http://en.wikipedia.org/wiki/File:WRN_2012.pdf",""
